:020000040800F2
:10000000000002203D490108D54C0008D74C0008EB
:10001000DD4C0008DF4C0008E14C00080000000047
:1000200000000000000000000000000071C0000897
:10003000E34C00080000000011C1000875C1000871
:100040008D4901088D4901088D4901088D49010834
:10005000E54C00088D4901088D4901088D490108CA
:100060008D490108ED4C0008F74C00088D49010846
:10007000014D0008114D00088D4901088D49010806
:100080008D4901088D4901088D4901088D490108F4
:10009000214D0008314D00088D490108414D0008EF
:1000A0008D4901088D4901088D4901088D490108D4
:1000B0008D4901088D4901088D4901088D490108C4
:1000C0008D4901084D4D00085D4D00086D4D00083B
:1000D0007D4D00088D4D00088D4901089D4D00089B
:1000E0008D4901088D4901088D4901088D49010894
:1000F0008D490108AD4D00088D490108C54D000826
:100100008D4901088D4901088D4901088D49010873
:100110008D4901088D4901088D4901088D49010863
:10012000D54D00088D490108E54D0008F54D000842
:100130008D4901088D4901088D4901088D49010843
:10014000054E0008154E00088D490108254E00088F
:10015000354E0008454E0008554E0008654E000813
:10016000754E0008854E00088D4901088D4901082B
:100170008D4901088D4901088D49010800000000E2
:080180008D4901088D490108B9
:1001A000931E222B10B50C460CD80A2A03D000F05F
:1001B000DFF8204610BD0028F9DA2D2301F8013BB5
:1001C0004042F4E700230B70184610BD931E222B0B
:1001D00010B50C460CD80A2A03D000F0C9F8204606
:1001E00010BD0028F9DA2D2301F8013B4042F4E765
:1001F00000230B70184610BD024B0146186800F032
:100200002FB800BF00000020024B0146186800F024
:100210003FBC00BF0000002070B5104E336805469B
:100220000C46B3B12146284600F076F9431C0CD0A9
:10023000C41C24F00304A04205D0211A284600F073
:100240006BF9013001D0204670BD4FF0FF342046DD
:1002500070BD194600F060F93060E3E7680D0020DA
:100260002DE9F041CD1C25F0030508350C2D38BFD4
:100270000C25002D82B0064616DBA94214D8354F56
:1002800000F06AF87A68AAB1144603E0636822466F
:1002900083B11C4623685B1BF8D40B2B21D8A242E8
:1002A000636855D053600DE00C233360002002B02A
:1002B000BDE8F08129463046FFF7AEFF431C0446F7
:1002C00019D00560304600F04DF804F10B00231DF5
:1002D00020F00700C21A1CBF1B1AA35002B0BDE8D1
:1002E000F0816119A242256014BF516079606351A9
:1002F00063684B60E6E77B6823B31C465B68002BB2
:10030000FBD1226801931946304604EB020800F045
:1003100003F9804516D12268AD1A29463046FFF709
:100320007BFF01300ED022687868019B2A4422604E
:10033000426812B90CE010465268A242FBD1002379
:100340004360BFE70C233360304600F00BF8ADE7A5
:100350007B60B7E7680D0020014800F021B900BFBD
:10036000C00E0020014800F023B900BFC00E0020DD
:10037000F0B5254FA2F1020E164605460C460FCFEA
:100380008BB0EC46ACE80F000FCFACE80F0097E85D
:1003900003004CF8040BBEF1220F8CF800102ED88D
:1003A00004F1FF3E70464FF0000CB5FBF6F206FB81
:1003B000125328336B44614613F828CC00F801CF60
:1003C0002B469E4201F1010C1546EED9002304F89C
:1003D0000C3089B1A44472461EF8010F1CF8015D6F
:1003E0008EF80050A4EB0E030232013B121B0B44AB
:1003F0009A428CF80000EEDB20460BB0F0BD0023E3
:10040000184623700BB0F0BD28580108FFF7B0BFA5
:10041000830730B547D0541E002A3ED0CAB20346E7
:1004200001E0013C39D303F8012B9D07F9D1032CDE
:100430002CD9CDB205EB05250F2C05EB054535D99B
:10044000A4F1100222F00F0C03F1100EE6444FEA63
:10045000121C1A46156055609560D56010327245C1
:10046000F8D10CF1010214F00C0F03EB021204F0AE
:100470000F0C13D0ACF1040323F003030433134433
:1004800042F8045B9A42FBD10CF003042CB1C9B2D0
:100490001C4403F8011B9C42FBD130BD644613464B
:1004A000002CF4D1F9E703461446C0E71A46A446E7
:1004B000E0E700BF830710B5044610D10268A2F13F
:1004C000013323EA020313F0803F08D150F8042FD0
:1004D000A2F1013323EA020313F0803FF6D0037840
:1004E0001BB110F8013F002BFBD100F0D9F92046D9
:1004F00010BD00BF71B1034600EB010C01E0634584
:1005000006D01A46013311780029F8D1101A704725
:10051000181A70470846704738B5074D0022044640
:1005200008462A6002F092F9431C00D038BD2B68BF
:10053000002BFBD0236038BDAC0E002070B50F4BF4
:100540000F4DAB42A3EB050607D0B610002455F8BB
:10055000043B01349847A642F9D814F02FFE094D08
:10056000094B5E1BAB424FEAA60606D0002455F8A5
:10057000043B01349847A642F9D870BDFC650108D8
:10058000FC650108FC65010800660108704700BFB2
:10059000704700BF704700BF704700BF704700BF83
:1005A000704700BF0120704701207047704700BFAF
:1005B000704700BF000000000000000000000000C5
:1005C00002780B78012A28BF9A4240F0D8806DE962
:1005D000044540EA0104CDE902676FF0000C4FEAE0
:1005E00044721AB380EA010414F0070F6BD100F0D3
:1005F000070420F0070004F0030521F007014FEA8B
:10060000C505F0E8042314F0040FF1E804670CFAC0
:1006100005F462EA040266EA04060BD063EA040306
:10062000624667EA0407664604E000BFF0E8042378
:10063000F1E8046782FA4CF582EA0604A4FA8CF425
:100640006CBB83FA4CF583EA0705A5FA8CF595B9DE
:1006500050E9022351E9026782FA4CF582EA060466
:10066000A4FA8CF483FA4CF583EA0705A5FA8CF515
:100670002543DBD09CB92DBAB5FA85F424F00704E4
:1006800027FA04F1DDE9026723FA04F303F0FF001F
:1006900001F0FF01FDE80445A0EB0100704724BA1A
:1006A000B4FA84F424F0070426FA04F1DDE90267C1
:1006B00022FA04F202F0FF0001F0FF01FDE8044518
:1006C000A0EB0100704714F0030F3CD110F00304BD
:1006D00028D150F8082B51F8083B82FA4CF582EAF1
:1006E0000305A5FA8CF55DB950F8042C51F8043CCB
:1006F00082FA4CF582EA0305A5FA8CF5002DE8D0C4
:100700002DBAB5FA85F424F0070423FA04F122FA8D
:1007100004F202F0FF0001F0FF01FDE80445A0EB48
:10072000010070474FEAC40420F0030050F8082B82
:1007300021F0030151F8083B0CFA04F462EA0402C8
:1007400063EA0403C9E710F003041DD0A1EB040120
:1007500020F00300E40750F8042B06D012D28B7867
:100760005FFAA2F4E41A06D12BB1CB785FFAB2F4A7
:10077000E41A00D133B920465DF8104B7047A2EB64
:100780000300704701F1040150F8042BCC0721F05D
:10079000030151F8043B48D824D222F07F4482FA66
:1007A0004CF594EA1325A5FA8CF50AD165B951F8F0
:1007B000043B84EA0204B4EB036F0ED150F8042B1F
:1007C000EBE74FEA132355E035F07F454DD108782C
:1007D000FDE80445C0F1000070474FEA126203F0E3
:1007E000FF0347E002EA1C4482FA4CF594EA134501
:1007F000A5FA8CF50AD165B951F8043B84EA0204E4
:10080000B4EB034F0CD150F8042BEBE74FEA134342
:1008100030E015EA1C4528D10B884FEA124229E046
:100820004FEA124203EA1C4324E002F0FF0482FA7A
:100830004CF594EA1365A5FA8CF50AD165B951F81F
:10084000043B84EA0204B4EB032F09D150F8042BD3
:10085000EBE74FEA13630DE015F0FF0F05D10B68CE
:100860004FEA122223F07F4304E04FF00000FDE83E
:100870000445704712BA1BBA82FA4CF482EA0304A8
:10088000A4FA8CF5B5FA85F402FA04F203FA04F33B
:100890004FEA1260FDE80445A0EB1360704700BF0B
:1008A00080EA0102844612F0030F4FD111F0030FCA
:1008B00032D14DF8044D11F0040F51F8043B0BD028
:1008C000A3F101329A4312F0803F04BF4CF8043B7D
:1008D00051F8043B16D100BF51F8044BA3F101328B
:1008E0009A4312F0803FA4F101320BD14CF8043B43
:1008F000A24312F0803F04BF51F8043B4CF8044B74
:10090000EAD023460CF8013B13F0FF0F4FEA3323E4
:10091000F8D15DF8044B704711F0010F06D011F8C3
:10092000012B0CF8012B002A08BF704711F0020FB1
:10093000BFD031F8022B12F0FF0F16BF2CF8022B9C
:100940008CF8002012F47F4FB3D1704711F8012BBF
:100950000CF8012B002AF9D1704700BF844641EA08
:10096000000313F003036DD1403A41D351F8043B27
:1009700040F8043B51F8043B40F8043B51F8043B79
:1009800040F8043B51F8043B40F8043B51F8043B69
:1009900040F8043B51F8043B40F8043B51F8043B59
:1009A00040F8043B51F8043B40F8043B51F8043B49
:1009B00040F8043B51F8043B40F8043B51F8043B39
:1009C00040F8043B51F8043B40F8043B51F8043B29
:1009D00040F8043B51F8043B40F8043B51F8043B19
:1009E00040F8043B51F8043B40F8043B403ABDD288
:1009F000303211D351F8043B40F8043B51F8043B2A
:100A000040F8043B51F8043B40F8043B51F8043BE8
:100A100040F8043B103AEDD20C3205D351F8043BB8
:100A200040F8043B043AF9D2043208D0D2071CBF84
:100A300011F8013B00F8013B01D30B8803806046AD
:100A4000704700BF082A13D38B078DD010F0030323
:100A50008AD0C3F10403D21ADB071CBF11F8013B93
:100A600000F8013B80D331F8023B20F8023B7BE7E2
:100A7000043AD9D3013A11F8013B00F8013BF9D20D
:100A80000B7803704B7843708B78837060467047A7
:100A9000002950D038B551F8043C0C1F002BB8BFCA
:100AA000E4180546FFF758FC274A13682BB1A34208
:100AB0000CD92168601883422CD0636028461460EA
:100AC000BDE83840FFF74EBCA3420FD81A465B681A
:100AD000002BF9D111685018844217D02CD36360D1
:100AE00054602846BDE83840FFF73CBC11685018F8
:100AF000A04214D020D8216860188342EFD1186832
:100B00005B680844C4E900035460EAE723680B44C7
:100B10001360E6E718685B6808442060CDE720684A
:100B20000144501883421160DBD1D3E90004014431
:100B3000C2E90014D5E770470C232B602846BDE8B6
:100B40003840FFF70FBC00BF6C0D002008B52DED3D
:100B5000028BB0EE408A00F02BFAB4EE488AF1EE38
:100B600010FAF0EE408A0AD6B0EE480A00F000F91A
:100B7000F7EE007AB4EEE70AF1EE10FA04DCB0EE1C
:100B8000680ABDEC028B08BD02F0A6FABDEC028B30
:100B9000034621221A600248BDE8084000F034B93B
:100BA0004457010808B52DED028BB0EE408A00F0E5
:100BB00025FBB4EE488AF1EE10FAF0EE408A0AD630
:100BC000B0EE480A00F0D4F8F7EE007AB4EEE70A87
:100BD000F1EE10FA04DCB0EE680ABDEC028B08BD41
:100BE00002F07AFABDEC028B034621221A60024819
:100BF000BDE8084000F008B94457010800F0FCBB0C
:100C000008B52DED048BB0EE608AB0EE409A00F08E
:100C100099FCB4EE488AF1EE10FAF0EE408A0BD659
:100C2000B5EE409AF1EE10FA17D1B5EE408AF1EE2A
:100C300010FA06D1F7EE008AB0EE680ABDEC048B1C
:100C400008BDB0EE480A00F0D5F80028F4D0B5EEA3
:100C5000C08AF1EE10FAEFD525E000F0CBF888B1AC
:100C6000F5EE408AF1EE10FAE6D1B0EE490A00F056
:100C7000C1F80028E0D0B0EE480A00F0BBF8002828
:100C8000DAD010E0B0EE490A00F0B4F80028E7D05E
:100C9000B0EE480A00F0AEF80028E1D0F4EE688A21
:100CA000F1EE10FA04D602F017FA22230360C3E72C
:100CB00002F012FA21230360BEE700BF08B52DED54
:100CC000028BB0EE408A00F0A5F8B4EE488AF1EE4F
:100CD00010FA06D6DFED098AB4EEE88AF1EE10FAD2
:100CE00002D4BDEC028B08BD02F0F6F988EEA80A2A
:100CF000BDEC028B2123036008BD00BF0000000093
:100D000010EE103A184923F000428A421BD9B2F182
:100D1000FF4F02D330EE400A704700B583B06846FB
:100D200000F056FF00F003000128DDED010A9DED03
:100D3000000A0CD0022812D070B1012000F0F0F8A7
:100D400003B05DF804FBDFED090A00F067B800F0BE
:100D5000E7F8B1EE400AF3E700F060F8F0E700F0E2
:100D60005DF8B1EE400AEBE7D80F493F0000000004
:100D700010EE103A23F0004300EE103A704700BF27
:100D800010EE103A194923F000428A421CD9B2F100
:100D9000FF4F02D330EE400A704700B583B068467B
:100DA00000F016FF00F003000128DDED010A9DEDC3
:100DB000000A0ED0022813D070B100F02FF8B1EE67
:100DC000400A03B05DF804FBDFED090A002000F0E3
:100DD000A7B800F023F8F4E7012000F0A1F8F0E74D
:100DE000012000F09DF8B1EE400AEAE7D80F493F34
:100DF0000000000010EE103A23F00040B0F1FF4F69
:100E0000ACBF0020012070479FED010A704700BF72
:100E10000000C07FB1EEC00A704700BF10EE103A6C
:100E200023F00043B3F1485F2CD2FDEEC07A17EEF9
:100E3000903A002B60D060EE007A9FED317A9FED02
:100E4000315ADFED315A9FED316ADFED316AA7EE9D
:100E5000875A9FED307AE5EE275AA7EEA56AA7EEEE
:100E6000867AE7EE876A67EEA66A60EEC00AB6EE9B
:100E7000007AE7EEA60AB7EE000AD7EE870A30EE50
:100E8000600A704760EE007A9FED1D7A9FED1D5A53
:100E9000DFED1D5A9FED1D6ADFED1D6A1E4AA7EEAC
:100EA000875A93429FED1B7AE5EE275AA5EEA76A73
:100EB000A6EE277AE7EE276A66EEA76AD5D9174A23
:100EC000934214D803F17F4307EE103AB7EE006A5D
:100ED00036EE476A60EEC00AF6EE005A97EEA57A43
:100EE000E7EEA60A37EE607A36EE470A7047B6EEAE
:100EF000076AB5EE027AEDE7B7EE000A704700BF69
:100F00004ED747ADF6740F317CF293B4010DD03754
:100F1000ABAA2A3D610BB6BA9999993E0000483FA9
:100F200010EE103A23F00043B3F1485F04D2FDEE17
:100F3000C07A17EE903A5BB360EE007A9FED157AB7
:100F4000DFED155A9FED156ADFED156AE7EE875A5A
:100F50009FED147AA5EEA76A20EE275AE6EE276ADF
:100F6000A6EEA77A30B9DFED106AE7EE876AA6EE43
:100F7000850A704727EE457AF6EE006AA0EEA67A5B
:100F8000DFED0A6AD7EE270AE5EE260A30EE600AA0
:100F9000704700BFD3C92E2F342FD7B21BEF38367E
:100FA000010D50B98988083CABAA2ABEABAA2A3EDB
:100FB00008B510EE102A22F00043B3F17E5F2DED4C
:100FC000028B12D00AD8B3F17C5F19D2B3F10C5F57
:100FD0006ED8BDEC028B9FED780A08BD70EE407AAA
:100FE00087EEA70ABDEC028B08BDBDEC028B9FED1E
:100FF000730ADFED737A002AC8BFB0EE670A08BD36
:10100000002AC0F29280F7EE008A38EEC00AF6EEAF
:10101000007A20EE278AB0EE480AFFF7FBFEDFEDEC
:10102000697A9FED697A9FED696ADFED695ADFEDB4
:10103000696AA8EE277ADFED687AA7EE086AE8EE1B
:10104000257ADFED665A9FED667AE6EE086AE7EEEE
:10105000885ADFED647AA6EE887AE5EE887A10EE9B
:10106000103A23F47F63B0EE476A23F00F039FED3D
:101070005E7AF0EE676A07EE903AA6EE087AF0EE36
:10108000485AE7EEE75AE6EE888A30EE276A27EEFE
:10109000087AC5EE866A87EE286ABDEC028BB0EE50
:1010A000667AA0EE067A37EE870A30EE000A08BDAF
:1010B00020EE007ADFED437A9FED436ADFED436A6D
:1010C0009FED435ADFED435AA7EE276ABDEC028B32
:1010D000E6EE076ADFED407A9FED406AE7EE057ABB
:1010E000E6EE875AA7EE876A9FED3D5ADFED3D7A1F
:1010F000DFED3D6AA5EE875AE6EE077AE5EE076A70
:10110000F7EE005AE7EE875A26EE877A9FED376AA8
:10111000DFED377AC7EE256AB0EE467AA0EE667A42
:1011200030EE470A37EEC00A08BDB7EE007A30EE5F
:10113000070AF6EE007A60EE277ADFED226A9FED6D
:10114000226ADFED224ADFED225A9FED225A9FEDFF
:10115000268AA7EEA66ADFED206AE6EE274AE7EECA
:10116000A56ADFED1E5A9FED1E6AA4EEA75AE6EEB1
:10117000A75ADFED1C6AA5EE276AE5EEA76AA6EE80
:10118000278AA6EEA77A28EE278AF0EE478AB0EEE5
:10119000670AFFF73FFE88EE286A9FED167ADFEDBB
:1011A000167AA0EE067AF0EE006A37EE007AE7EEE5
:1011B000667AB0EE670A15E7DB0FC93FDB0F4940DF
:1011C0000000000008EF1138047F4F3A461124BD9B
:1011D0002EC69D3DA80A4E3E613330BF2D570140BB
:1011E00090B0A6BE39D119C0ABAA2A3E6821A2335D
:1011F000DA0FC93F6821A2B3DA0F494038B510EEC3
:10120000105A25F00044B4F17E5F2DED048BF0EE12
:10121000407A00F0828079D8B4F17C5F0ED2B4F1CC
:10122000485F80F094809FED647A30EE077AF7EEA5
:10123000006AB4EEE67AF1EE10FA64DCB0EE670A0A
:10124000FFF796FDF7EE007A37EEC08AB6EE007A29
:1012500028EE078ADFED596A9FED597A9FED596AAA
:101260009FED595ADFED595ADFED598AE8EE076ACA
:101270009FED587AA8EE067A9FED576AA6EE885A37
:10128000A7EE086A9FED557ADFED556AE5EE085A3C
:10129000A6EE087AE5EE886AE7EE087AE6EE888A36
:1012A000B0EE480AB0EE679AFFF7B4FD4D4B9C4292
:1012B00068EE888A3CD810EE103A23F47F6323F05E
:1012C0000F0306EE903AA6EEE68A70EE267A88EED6
:1012D000895AC8EE274A9FED447ADFED447AB0EE92
:1012E000006AA4EEC67A30EE000AF0EE675A90EE7D
:1012F000057AE6EEC65A37EE657A37EEC70A002D54
:1013000001DCB1EE400ABDEC048B38BDBDEC048BB2
:1013100070EE407A87EEA70A38BDBDEC048B9FEDD6
:10132000320A9FED337A27EE800AA7EE870A38BD8E
:1013300088EE896A9FED2F7ADFED2D7AA0EE060AFE
:10134000F0EE006AA0EE267A37EEC70AD7E720EE65
:10135000007ADFED1B6A9FED196ADFED1B5A9FEDE6
:10136000195ADFED1A4AA7EE266ABDEC048BE6EEA9
:10137000075ADFED186A9FED186AE7EE056AE5EE99
:10138000874AA6EE876A9FED165ADFED145ADFED05
:10139000106AA4EE875AE6EE075AE5EE076AB7EE42
:1013A000006AA5EE876A26EE877AC7EE066AE0EE47
:1013B000267AB0EE670A38BDCAF24971047F4F3A07
:1013C00008EF11382EC69D3D461124BDA80A4E3E99
:1013D000ABAA2A3E613330BF2D57014039D119C025
:1013E00090B0A6BE9999793F2EBD3BB3DB0F493F24
:1013F000DB0FC93F2EBD3B3310B582B0CDED010AE6
:10140000019B23F00042B2F1FF4FF0EE407A30D85A
:1014100010EE100A20F00041B1F1FF4F29D8B3F1CE
:101420007E5F42D09C1704F0020444EAD07431B3CA
:101430007AB3B2F1FF4F40D0B1F1FF4F29D0891AF2
:10144000B1F1F45F4FEAE15234DA002B42DA3C3278
:1014500040DA9FED340A012C4ED0022C43D064B107
:101460009FED317ADFED317A30EE070A30EE670A10
:1014700003E09DED017A37EE270A02B010BD022C81
:1014800010D09FED2B7A032C08BFB0EE470A02B0B4
:1014900010BD9FED280ADFED287A0028B8BFB0EE16
:1014A000670AEAE79FED210AE7E702B0BDE81040CE
:1014B00000F0BEBC9FED1F0ACDE7B1F1FF4F04F174
:1014C000FF3420D0022C26D81C4B03EB840393ED71
:1014D000030AD2E79DED017A87EE870AFFF748FC01
:1014E00000F0A6FCB7E79FED107ADFED107A30EE42
:1014F000070A37EEC00AC0E710EE103A03F10043C6
:1015000000EE103AB9E7022C08D80C4B03EB840329
:1015100093ED000AB1E79FED030AAEE79FED080ADD
:10152000ABE700BF000000002EBDBB33DB0F49401E
:10153000DB0F49C0DB0FC93FDB0FC9BFEC5201080D
:10154000DB0F493F2DE9F0432DED028B83B0CDED4C
:10155000010A8DED000ADDE9004535F0004610D1A5
:1015600084F48004640014F5000F1BD9DDED007ACB
:101570009DED017A37EE870A03B0BDEC028BBDE822
:10158000F08324F00047B7F1FF4F02D8B6F1FF4FC8
:101590000FD9B4F17E5FE9D185F480056D0015F5B2
:1015A000000FE3D8B7EE000A03B0BDEC028BBDE834
:1015B000F083002CB846C0F2F180B6F1FF4F00F086
:1015C0000281B6F17E5F00F04481B5F1804F00F0FA
:1015D00051814FF00009B5F17C5F40F01C81002C77
:1015E0009DED000A80F24B81FFF7C2FBB7F1FF4F80
:1015F00000F02481002F00F02181B7F17E5F00F020
:101600001481E20F013A59EA020300F04481B6F175
:101610009A4F40F26781A34B9F4240F26882A24BEF
:101620009F4200F27182F7EE007A30EE670A9FED7A
:101630009F6ADFED9F5AF5EE007AA0EE676AF6EE3C
:10164000006AE6EE406A20EE007ADFED9A7A9FEDBE
:101650009A6A27EE267A67EEC77AE0EE257AF0EEF0
:10166000676AE0EE066A16EE903A23F47F6323F091
:101670000F0306EE903AB0EE667AA0EE467A77EE69
:10168000C77A25F47F6525F00F059DED017A06EEFA
:10169000105A67EE877A37EE466A07EE105AE6EE82
:1016A000267A09F1FF3959EA020926EE877ABFEE58
:1016B000008A77EE876AB7EE006A16EE902A18BFA6
:1016C000B0EE468A002A134622F0004140F3D6814C
:1016D000B1F1864F00F2458200F02982B1F17C5FC2
:1016E00000F247820022104623F47F6323F00F03A9
:1016F00006EE103ADFED716A9FED713A9FED712AA7
:10170000DFED713A9FED714ADFED714A9FED715A3D
:1017100036EE477AF0EE002A77EEC77A26EE267A82
:10172000DFED6D6AA7EEA67AB7EE000AF0EE476A23
:10173000E6EE036A66EEA65AF0EE667AE5EE823AC7
:10174000E6EE437AB0EE446AA3EEA56A77EE677AD6
:10175000B0EE647AA6EE257AB0EE456AA7EE256A69
:10176000B0EE667AA6EE657AE6EEA77A66EE875A5E
:1017700037EE626A85EE867A77EE677A77EEE67AFA
:1017800030EE670A10EE103A1344B3F5000FC0F2C2
:10179000B88100EE103A20EE080AEDE6B6F1974F58
:1017A00021D2B6F17E5F24D2B5F1804F62D0B5F17F
:1017B0007C5F2ED1FFF7DCFAB7F1FF4F3FF4DCAED0
:1017C0004FF0000916E7B7F17E5F3FF4EBAE45D965
:1017D0009FED420ADDED017A002DB8BFF0EE407AB0
:1017E000B0EE670AC8E6B6F1FF4FECD04FF0020941
:1017F000F1E6F315C3F1960346FA03F202FA03F396
:10180000B34200F02781B6F17E5F22D0B5F1804F60
:1018100030D04FF000099DED000AFFF7A9FAB7F1AB
:10182000FF4F02D0002F7FF4E8AE002DBCBFF7EED3
:10183000007A87EE800A002CBFF69EAEA7F17E5795
:1018400057EA090740F0138170EE407A87EEA70A45
:1018500092E6002D07DB9DED000A8DE6002D15DBDD
:101860009FED1E0A88E69DED007AF7EE007A87EE7E
:10187000870A81E6DDED007A27EEA70A7CE603B051
:10188000BDEC028BBDE8F043FFF7C4BADDED017A91
:10189000B1EE670A70E6DDED007A77EEE77A87EE63
:1018A000A70A69E6F3FF7F3F0700803FABAAAA3E85
:1018B00070A5EC363BAAB83F00AAB83F8CBEBF3536
:1018C0000072313F4CBB31330EEADDB555B38A3877
:1018D000610B36BBABAA2A3E1872313F00000000F4
:1018E0000000804B14F0FF4F40F0FF805FED047A62
:1018F00060EE277A6FF0170317EE908AA2484FEA3E
:10190000E851C8F316087F398045194448F07E53E2
:1019100040F3E3809D48804540F300819FED9C4A61
:101920000131B0EE443AA3F50003F7EE005A00206F
:1019300006EE903A76EEA57AB7EE007A87EE270AA1
:101940005B1043F0005303F58023034436EEE56A51
:1019500007EE901A66EE003AB8EEE77A07EE903A94
:1019600013EE901A8B4BDFED8C0A9FED8C8A9FED66
:101970008C1ADFED8C2ADFED8C1A9FED8C2A77EE26
:10198000E55A194076EEE55A06EE901A23EEA35A70
:10199000A6EEE76AF0EE607AE5EE087AA6EEE56A72
:1019A000A7EE851A26EE006AE1EE052A73EEA67A06
:1019B000E2EE851A25EE058AA1EE852A67EE867A83
:1019C000F0EE084AF0EE645AE6EEA65AE8EE027A25
:1019D000DFED770A9FED771ADFED772A75EEA75ACC
:1019E00015EE901A194005EE901A75EEE44AE6EEEF
:1019F000E64A77EEE47A67EEA37AE6EE257AB0EE71
:101A0000676AA6EEA56A16EE101A194006EE101ABD
:101A1000B0EE465AA6EEE55A77EEC57A67EEA07AA2
:101A2000E6EE017A77EE837AF0EE676AE6EE226AF6
:101A300076EE846A76EE876A16EE901A194006EE04
:101A4000901A36EEC77A37EE447AA6EE627A77EECF
:101A5000C77A16E6B6F17E5F3FF4FBAEB5F1804F74
:101A60003FF408AF02F00102C2F10209D3E6B9F176
:101A7000010F7FF481ADB1EE400A7DE54F48814210
:101A800079D87FF42BAE76EEC76AF4EEE76AF1EE12
:101A900010FA70DA86214FF400037E3943FA01F11F
:101AA0001144C1F3C7547F3C03F17F43C1F31600D7
:101AB000234140F40000C4F117042041002A03EA46
:101AC0000103B8BF404206EE903A37EE667AC2058F
:101AD00077EE876A16EE903A06E69FED2D4AF7EE0E
:101AE000005AB0EE443A002022E7002306E7002D1A
:101AF0000CDB002003B0BDEC028BBDE8F04300F02E
:101B0000F5BA00F065FA46E6002DF2DD002003B0DC
:101B1000BDEC028BBDE8F04300F0EEBA9FED284A21
:101B20009FED283AF7EE085A4FF4001000E79FEDBA
:101B3000266A76EEC76A37EE866AB4EEE66AF1EE9A
:101B400010FA0EDC02F50042204BD1157F39C2F3AA
:101B500016000B4140F40000C1F117011340084189
:101B6000B1E7B5EEC08AF1EE10FA4CBF01200020BB
:101B7000CDE7C9158FE7B5EEC08AF1EE10FA4CBF7C
:101B800001200020B6E700BF71C41C00D6B35D0081
:101B90000000000000F0FFFF55326C3E42F1533E62
:101BA00005A38B3EABAAAA3EB76DDB3E9A99193FBF
:101BB0004F38763FA0C39D360038763F000016436D
:101BC00000C0153FDCCFD1353CAA3833000080FF80
:101BD00070B510EE103A884A23F00044944286B063
:101BE000054671D9854A94421E4624D823F0004206
:101BF000002BDFED837A834922F00F02B0EE407AAA
:101C000040F3E0808A4270EE677A09BF9FED7E7AEA
:101C1000DFED7E6ADFED7E6A77EEC77A37EEE67A31
:101C200077EEC77A80ED007A77EEE67AC0ED017A3A
:101C3000012006B070BD774A944252D9B4F1FF4FEB
:101C400048D2E215863AA4EBC25307EE903ABDEEB5
:101C5000E77ADFED716AB8EEC77A77EEC77A8DED75
:101C6000037A67EEA67ABDEEE77AB8EEC77A77EE2A
:101C7000C77A8DED047A67EEA67AF5EE407AF1EE3A
:101C800010FACDED057A40F09880B5EE407AF1EE8D
:101C900010FA0CBF01230223604901910221009137
:101CA00003A8294600F04CFA002EC2DA95ED007A1E
:101CB000D5ED017AB1EE477AF1EE677A85ED007ADB
:101CC000C5ED017A4042B4E7002285ED000A42608A
:101CD0000020AEE770EE407AC0ED017AC0ED007AE8
:101CE000F6E7FFF745F89FED4E7A9FED456AF6EE71
:101CF000007AE0EE077A9FED457AFDEEE77A17EE7F
:101D0000900AF8EEE76A1F28A6EEC60A66EE877A02
:101D1000B1EE666A20DC434A411E26F0004352F8C9
:101D2000212023F0FF03934216D030EE677A30EE85
:101D3000470A002E30EE670A85ED007A85ED010A2C
:101D4000BFF677AFB1EE477AB1EE400A85ED007A83
:101D500085ED010A40426CE730EE677AE21517EE36
:101D6000103AC3F3C753C3EBD453082BDFDD9FED09
:101D7000267A9FED275AF0EE405AE6EE075A70EEAB
:101D8000657AE6EE077AD6EE857A35EEE77A17EED3
:101D9000103AC3F3C753D21A192A10DD9FED227AE5
:101DA0009FED225AB0EE650AA6EE070A75EEC07ADC
:101DB000E6EE077AD6EE857AB7E703236CE7B0EE56
:101DC000650AB4E78A4270EE277A09BF9FED0E7A62
:101DD000DFED0E6ADFED0E6A77EE877A37EEA67AD0
:101DE00077EEC77A80ED007A77EEA67AC0ED017AB9
:101DF0004FF0FF301DE700BFD80F493FE3CB16403F
:101E0000800FC93FD00FC93F0044353743443537B1
:101E100008A3852E800F49430000804384530108A6
:101E200084F9223F0453010800A3852E32318D240A
:101E300038B510EE105A25F00044B4F1A14FF0EE81
:101E4000407A0DD3B4F1FF4F58D8DFED4F7A9FEDB4
:101E50004F7A002DCCBFB0EE470AB0EE670A38BD0E
:101E60004B4B9C4259D8B4F1445F4AD34FF0FF32F8
:101E700027EEA76A9FED475A9FED477ADFED475A55
:101E8000DFED474A66EE066A531CA6EE857AE6EE5B
:101E9000A54A9FED445ADFED445AA7EE265AE4EED8
:101EA000A65A9FED427ADFED424AA5EE267AE5EE8C
:101EB000A64A9FED405ADFED405AA7EE265A9FED05
:101EC0003F7AA4EEA67AE5EE265A27EE267AA5EE0C
:101ED000867A27EE877A35D0394B03EB820393ED70
:101EE000046AD3ED006A37EE467A002D37EE677A42
:101EF00036EEC70AB3DAB1EE400A38BD30EE000A5A
:101F000038BD9FED307A30EE077AF7EE006AB4EE16
:101F1000E67AF1EE10FAA9DD38BDFEF729FF2A4B6B
:101F20009C4212D8A3F5D0039C4223D8F0EE007A4D
:101F3000BFEE007AA0EE277A002230EE270AC7EE25
:101F4000007A95E737EEC70A38BD204B9C420BD884
:101F5000F7EE087AB7EE007AA0EE277A022230EE8A
:101F6000670AC0EE077A83E7BFEE007AC7EE007A11
:101F700003227DE7F7EE007A30EE677A30EE270A2B
:101F80000122C7EE007A73E7DB0FC9BFDB0FC93F41
:101F9000FFFFDF3ED769853C59DA4B3D21A215BDD5
:101FA0006BF16EBD356B883D95879DBD6E2EBA3D3C
:101FB000388EE3BD2549123EABAAAA3ECDCC4CBE1D
:101FC0009C560108CAF24971FFFF973FFFFF1B4073
:101FD00010EE103A33F000411A4627D0B1F1FF4F0E
:101FE00021D213F0FF4F22D1DFED2B7A2B4A60EE86
:101FF000277A904217EE903A33DB4CF2503CC3F311
:10200000C75160451A46A1F1190116DDDFED247AAA
:10201000DFED246A002BB0EE677AB8BFF0EE667A87
:1020200027EE870A704730EE000A704770474CF27F
:10203000503C60454FEAD151E8DC0144FE29E5DC23
:10204000002915DC11F1160F19DB193122F0FF42BE
:1020500042EAC15207EE902A9FED130A27EE800A4A
:102060007047DFED127A07EE103A27EE270A704725
:1020700022F0FF4242EAC15300EE103A7047DFED12
:102080000B7ADFED0B6A002BB0EE677AB8BFF0EE8B
:10209000667A27EE870A70470000004CB03CFFFFCD
:1020A000CAF24971CAF249F1000000336042A20D40
:1020B0006042A28D10B52DED028BB0EE408A044631
:1020C00001F00AF8B0EE480ABDEC028B046010BDC6
:1020D00028B1F1EE407A27EE800A2220EAE7F0EEFE
:1020E000407A27EE800A2220E4E700BF9FED010A34
:1020F000EEE700BF000000109FED010AE8E700BF17
:102100000000007000289FED060AF7EE007ABFEE8F
:10211000007A18BFF0EE477A87EE800A2220C9E7DE
:1021200000000000F0EE407A30EE407AF4EE677A7C
:10213000F1EE10FA87EE070A01D62120BAE77047C0
:102140002DE9F04F2DED048BDBB00C468146114696
:102150006898964A04931E4623460C1D52F8205058
:1021600006F1FF37C0F2AF82CA1E48BF0A1DD21067
:1021700003920132D2000692069A0398EE19A1EB5F
:102180000202A0EB070019D401369FED897ADDF831
:10219000A4C106441EAC9E460028A4BF5CF82030B3
:1021A00007EE903A00F10100ACBFF8EEE77AF0EEEE
:1021B000477AB042E4EC017AEED17346002DC0F2CA
:1021C000D68204981EAC04EB80064FEA800805EB2B
:1021D000000E0DF58C7C3C4609EB8000002FDFEDF6
:1021E000747A09DBB346CA46FAEC016A3BED017A20
:1021F0008245E6EE877AF7D101347445ECEC017A3A
:1022000006F10406EAD10DF1280A0AEB8500CDE9B2
:10221000073104389FED689ADFED668A059009EB77
:102220000804AB460AEB850846AE019510465AAB4A
:1022300003EB8B03BBF1000F13ED140A16DD06EB65
:102240008B03524660EE097AB0EE407AFDEEE77AF3
:1022500073ED016AF8EEE77AB342A7EEE87A37EE5B
:10226000A60ABDEEC77AA2EC017AEBD10290FFF785
:10227000AFFEF4EE007AB0EE408A20EE270A00F0BE
:102280009BFAF2EE007AA0EE678A02980028FDEE33
:10229000C89AF8EEE97A38EE678A6EDD0BF1FF3CFA
:1022A000C0F108035AF82C2042FA03F505FA03F3AB
:1022B000D21AC0F1070119EE903A42FA01F12B440B
:1022C00000294AF82C2009EE903A00F36681B5EE19
:1022D000408AF1EE10FA40F0BA80019B9B450BDD7D
:1022E0000AEB8B03002253F8045D434542EA0502E2
:1022F000F9D1002A40F06F81019B013B5AF823304D
:10230000002B40F05F81059B012153F8042D013122
:10231000002AFAD00BF1010359449C46039D049A0C
:1023200005EB030E0EF1804E699D5A440EF1FF3EFF
:1023300006EB830B1EAB05EB8E0E03EB8205DEED89
:10234000017AF8EEE77A002F0EF1040EE5EC017A3F
:10235000DFED177A09DB2A464B46F3EC016A32EDD2
:10236000017AA342E6EE877AF7D10CF1010C8C4595
:10237000EBEC017AE3DD8B4659E740F004810BF189
:10238000FF335AF82310C9110029A0DD19EE903A45
:10239000BBF1000F03F1010309EE903A40F3EB812A
:1023A0000025D4462A460291864619E0BC5601080B
:1023B00000000000000080430000803B0135AB4579
:1023C00041F8040C40F303810B680CF1080C013553
:1023D000C3F1FF03AB454FF001024CF8043C0DDDA7
:1023E000614651F8043B002A40F0CB80C3F5807071
:1023F000002BE3D10135AB458C46F1DC02997046E8
:1024000000280CDD012800F0D480022807D10BF150
:10241000FF355AF8253003F03F034AF825300229EA
:102420007FF455AFB7EE000A30EE488A002A3FF439
:102430004EAF09910290FFF7CBFD38EE408A02982B
:102440000999B5EE408AF1EE10FA3FF446AF079BCA
:10245000019D029101930899069B0390B0EE480AF2
:10246000581AFFF7B5FD5FED2D6A019B039AB4EE94
:10247000E60AF1EE10FAF0EE407AC0F24E811FED5E
:10248000327A20EE077A0BF10104BDEEC77A0832EA
:10249000B8EEC77AE7EE667ABDEEC77AFDEEE77A68
:1024A00017EE901A4AF82B1017EE101A4AF824105B
:1024B0001046B7EE000A0193FFF78AFD002C019B3E
:1024C000B0EE407AC0F24981601C46AE5FED466ACC
:1024D00081000AEB800206EB800072ED017AF8EED3
:1024E000E77A524567EE877A27EE267A60ED017A21
:1024F000F3D10DF1C8080A1F46A88718C646A4469E
:1025000000269946002DC0F2E380A94BDFEDA97AA1
:102510003846002201E0B24208DCF3EC016AB0EC7C
:10252000017A01329542E6EE877AF4DA0CF1FF3C4B
:10253000BCF1FF3FEEEC017A06F10106A7F10407BA
:10254000E0D1689A022A4B465DDC002A00F3C38082
:102550000ED1DFED987A414431ED017A884577EE6E
:10256000877AF9D1029A0AB1F1EE677AC3ED007A5F
:1025700019EE903A03F007005BB0BDEC048BBDE8A8
:10258000F08F8C4623E7F6EE007AB4EEE78AF1EEA0
:1025900010FA80F28680002199E60133BBF1000F2A
:1025A00009EE903AD8BF00223FF7FAAE01287FF437
:1025B0002CAF0BF1FF355AF8253003F07F034AF8B2
:1025C00025302CE70BF101039C461946A6E602993B
:1025D0007046012214E70BF1FF3402915AF82410DF
:1025E000019D079BA0F1080200297FF461AF0BF168
:1025F000804101390AEB810151F8040D013C083A90
:102600000028F9D054E7689A032AB1D1002C00F0D1
:10261000BE8008EB840595ED007A2A46A000294685
:1026200071ED017AF0EE476A37EE277A414577EE91
:10263000C77A81ED007A77EEA67AC1ED017AEFD103
:10264000012C00F0A48095ED007A08F1040172EDF0
:10265000017AF0EE476A37EE277A914277EEC77A31
:1026600082ED007A77EEA67AC2ED017AEFD1021DF3
:10267000DFED507A424408F1080832ED017A9045C6
:1026800077EE877AF9D1029ADDED326A9DED337AE1
:10269000002A4AD1C3ED006A83ED017AC3ED027AC4
:1026A00066E719EE903ABBF1000F03F1010309EE62
:1026B000903AC8BF02213FF773AEF7EE007A37EECB
:1026C000C88A022103E6082206920022039253E5FB
:1026D000DFED387A2AE7DFED377A414431ED017AD0
:1026E000884577EE877AF9D1029A5ABB9DED327A06
:1026F000C3ED007A77EE677A64B133A90122B1ECB9
:10270000017A0132944277EE877AF8DA029A0AB1B6
:10271000F1EE677AC3ED017A2AE7FDEEC07A5C46F6
:1027200017EE901A4AF82B10C2E6F1EE666AB1EE87
:10273000477AF1EE677AC3ED006A83ED017AC3ED63
:10274000027A15E7DDED326AB1EE677A83ED007A41
:1027500076EEE77A002CD0D1DAE7689A022A12DC0A
:10276000002A17DC7FF404AFDFED127AFAE6049852
:102770004FEA800847E502297FF4A9ADF7EE007A19
:1027800037EEC88AA3E5689A032A7FF4F1AEDFED3D
:10279000097A78E7029A22B90022DDED327A1A60CE
:1027A000B8E74FF00042DDED327A1A60B0E700BFC3
:1027B000C85601080000000010EE102AC2F3C753EB
:1027C0007F3B162B22F0004129DC002B104618DB42
:1027D0001A4919410A4221D0DFED197A70EE277AA1
:1027E000F5EEC07AF1EE10FA18DD002A04DA4FF4A3
:1027F000000242FA03F3184420EA010300EE103A03
:102800007047DFED0F7A70EE277AF5EEC07AF1EEC1
:1028100010FA03DD002A08DB9FED0A0A7047B1F1C8
:10282000FF4FFBD330EE000A7047DFED077A002937
:10283000BFEE000A08BFB0EE670A7047FFFF7F00D7
:10284000CAF249710000000000000080044A0549F6
:102850001368002B08BF0B461844106018467047D9
:10286000D00E0020C89E002081F0004102E000BF91
:1028700083F0004330B54FEA41044FEA430594EA40
:10288000050F08BF90EA020F1FBF54EA000C55EA7B
:10289000020C7FEA645C7FEA655C00F0E2804FEA4C
:1028A0005454D4EB5555B8BF6D420CDD2C4480EA2E
:1028B000020281EA030382EA000083EA010180EA5E
:1028C000020281EA0303362D88BF30BD11F0004FAC
:1028D0004FEA01314FF4801C4CEA113102D04042E2
:1028E00061EB410113F0004F4FEA03334CEA13331D
:1028F00002D0524263EB430394EA050F00F0A78035
:10290000A4F10104D5F1200E0DDB02FA0EFC22FA2F
:1029100005F2801841F1000103FA0EF2801843FA23
:1029200005F359410EE0A5F120050EF1200E012A14
:1029300003FA0EFC28BF4CF0020C43FA05F3C01852
:1029400051EBE37101F0004507D54FF0000EDCF1CB
:10295000000C7EEB00006EEB0101B1F5801F1BD374
:10296000B1F5001F0CD349085FEA30004FEA3C0C78
:1029700004F101044FEA445212F5800F80F09A806E
:10298000BCF1004F08BF5FEA500C50F1000041EB72
:10299000045141EA050130BD5FEA4C0C404141EB76
:1029A0000101013C28BFB1F5801FE9D291F0000F71
:1029B00004BF01460020B1FA81F308BF2033A3F120
:1029C0000B03B3F120020CDA0C3208DD02F1140C17
:1029D000C2F10C0201FA0CF021FA02F10CE002F152
:1029E0001402D8BFC2F1200C01FA02F120FA0CFC4B
:1029F000DCBF41EA0C019040E41AA2BF01EB045194
:102A0000294330BD6FEA04041F3C1CDA0C340EDC91
:102A100004F11404C4F1200220FA04F001FA02F3D4
:102A200040EA030021FA04F345EA030130BDC4F192
:102A30000C04C4F1200220FA02F001FA04F340EA87
:102A40000300294630BD21FA04F0294630BD94F038
:102A5000000F83F4801306BF81F480110134013D1F
:102A60004EE77FEA645C18BF7FEA655C29D094EA90
:102A7000050F08BF90EA020F05D054EA000C04BF0E
:102A80001946104630BD91EA030F1EBF00210020F9
:102A900030BD5FEA545C05D14000494128BF41F098
:102AA000004130BD14F580043CBF01F5801130BDFC
:102AB00001F0004545F0FE4141F470014FF0000087
:102AC00030BD7FEA645C1ABF194610467FEA655C38
:102AD0001CBF0B46024650EA013406BF52EA0335DA
:102AE00091EA030F41F4002130BD00BF90F0000FC8
:102AF00004BF0021704730B54FF4806404F1320404
:102B00004FF000054FF0000150E700BF90F0000FBC
:102B100004BF0021704730B54FF4806404F13204E3
:102B200010F0004548BF40424FF000013EE700BFB3
:102B300042004FEAE2014FEA31014FEA02701FBF43
:102B400012F07F4393F07F4F81F06051704732F075
:102B50007F4208BF704793F07F4F04BF41F40021CC
:102B6000704730B54FF4607401F0004521F000412A
:102B70001CE700BF50EA010208BF704730B54FF0B4
:102B800000050AE050EA010208BF704730B511F0B5
:102B9000004502D5404261EB41014FF4806404F1ED
:102BA00032045FEA915C3FF4D8AE4FF003025FEA73
:102BB000DC0C18BF03325FEADC0C18BF033202EBF7
:102BC000DC02C2F1200300FA03FC20FA02F001FA51
:102BD00003FE40EA0E0021FA02F11444BDE600BFF4
:102BE00070B54FF0FF0C4CF4E06C1CEA11541DBFA3
:102BF0001CEA135594EA0C0F95EA0C0F00F0DEF86E
:102C00002C4481EA030621EA4C5123EA4C5350EA52
:102C1000013518BF52EA033541F4801143F48013A3
:102C200038D0A0FB02CE4FF00005E1FB02E506F034
:102C30000042E0FB03E54FF00006E1FB03569CF089
:102C4000000F18BF4EF0010EA4F1FF04B6F5007F8F
:102C500064F5407404D25FEA4E0E6D4146EB060601
:102C600042EAC62141EA55514FEAC52040EA5E508A
:102C70004FEACE2EB4F1FD0C88BFBCF5E06F1ED834
:102C8000BEF1004F08BF5FEA500E50F1000041EB6B
:102C9000045170BD06F0004646EA010140EA020018
:102CA00081EA0301B4EB5C04C2BFD4EB0C0541EA3A
:102CB000045170BD41F480114FF0000E013C00F34F
:102CC000AB8014F1360FDEBF002001F0004170BD73
:102CD000C4F10004203C35DA0C341BDC04F114048C
:102CE000C4F1200500FA05F320FA04F001FA05F218
:102CF00040EA020001F0004221F0004110EBD370E5
:102D000021FA04F642EB06015EEA430E08BF20EA10
:102D1000D37070BDC4F10C04C4F1200500FA04F3B3
:102D200020FA05F001FA04F240EA020001F0004145
:102D300010EBD37041F100015EEA430E08BF20EAB8
:102D4000D37070BDC4F1200500FA05F24EEA020E00
:102D500020FA04F301FA05F243EA020321FA04F02F
:102D600001F0004121FA04F220EA020000EBD370E6
:102D70005EEA430E08BF20EAD37070BD94F0000FE6
:102D80000FD101F00046400041EB010111F4801F1A
:102D900008BF013CF7D041EA060195F0000F18BFCB
:102DA000704703F00046520043EB030313F4801F07
:102DB00008BF013DF7D043EA0603704794EA0C0FC1
:102DC0000CEA135518BF95EA0C0F0CD050EA4106D7
:102DD00018BF52EA4306D1D181EA030101F0004154
:102DE0004FF0000070BD50EA410606BF104619467C
:102DF00052EA430619D094EA0C0F02D150EA013688
:102E000013D195EA0C0F05D152EA03361CBF1046C8
:102E100019460AD181EA030101F0004141F0FE4167
:102E200041F470014FF0000070BD41F0FE4141F4EB
:102E3000780170BD70B54FF0FF0C4CF4E06C1CEAEB
:102E400011541DBF1CEA135594EA0C0F95EA0C0FA0
:102E500000F0A7F8A4EB050481EA030E52EA03355B
:102E60004FEA013100F088804FEA03334FF080557C
:102E700045EA131343EA12634FEA022245EA1115A9
:102E800045EA10654FEA00260EF000419D4208BF5A
:102E9000964244F1FD0404F5407402D25B084FEA07
:102EA0003202B61A65EB03055B084FEA32024FF4B3
:102EB00080104FF4002CB6EB020E75EB030E22BF10
:102EC000B61A754640EA0C005B084FEA3202B6EBD0
:102ED000020E75EB030E22BFB61A754640EA5C007F
:102EE0005B084FEA3202B6EB020E75EB030E22BF0F
:102EF000B61A754640EA9C005B084FEA3202B6EB10
:102F0000020E75EB030E22BFB61A754640EADC00CE
:102F100055EA060E18D04FEA051545EA16754FEA30
:102F200006164FEAC30343EA52734FEAC2025FEA4E
:102F30001C1CC0D111F4801F0BD141EA00014FF0DD
:102F400000004FF0004CB6E711F4801F04BF0143AE
:102F50000020B4F1FD0C88BFBCF5E06F3FF6AFAECA
:102F6000B5EB030C04BFB6EB020C5FEA500C50F15A
:102F7000000041EB045170BD0EF0004E4EEA1131DD
:102F800014EB5C04C2BFD4EB0C0541EA045170BDE4
:102F900041F480114FF0000E013C90E645EA060E28
:102FA0008DE60CEA135594EA0C0F08BF95EA0C0F56
:102FB0003FF43BAF94EA0C0F0AD150EA01347FF49E
:102FC00034AF95EA0C0F7FF425AF104619462CE775
:102FD00095EA0C0F06D152EA03353FF4FDAE1046D8
:102FE000194622E750EA410618BF52EA43067FF429
:102FF000C5AE50EA41047FF40DAF52EA43057FF4B9
:10300000EBAE12E74FEA4102B2F1E04324BFB3F561
:10301000001CDCF1FE5C0DD901F0004C4FEAC0024F
:103020004CEA5070B2F1004F40EB830008BF20F033
:103030000100704711F0804F21D113F13872BCBFED
:1030400001F00040704741F480114FEA5252C2F142
:103050001802C2F1200C10FA0CF320FA02F018BF8B
:1030600040F001004FEAC1234FEAD32303FA0CFCDE
:1030700040EA0C0023FA02F34FEA4303CCE77FEA6D
:10308000625307D150EA01331EBF4FF0FE4040F4B7
:103090004000704701F0004040F0FE4040F4000066
:1030A000704700BF53B94AB9002908BF00281CBFA8
:1030B0004FF0FF314FF0FF3000F00CB8ADF1080CCD
:1030C0006DE904CE11F02AFFDDF804E0DDE902230A
:1030D00004B07047704700BF014B1868704700BFCD
:1030E0000000002010B5054C237833B9044B13B110
:1030F0000448AFF300800123237010BDD40E0020DC
:1031000000000000BC51010808B5034B1BB1034986
:103110000348AFF3008008BD00000000D80E002077
:10312000BC51010808B50268034B9A4200D008BDA3
:1031300004F0C6FCFBE700BF0020004072B6FEE7CB
:1031400000B595B03022002108A8FDF761F90023F1
:10315000039304930593069307930193204A116CFC
:1031600041F080511164126C02F080520192019A78
:1031700002931C4B1A6842F480421A601B6803F4E5
:1031800080430293029B012308934FF480330993F9
:1031900002230E934FF480020F9206221092A8226F
:1031A000119212930723139308A803F095FB98B983
:1031B0000F23039302230493002305934FF4A0539A
:1031C00006934FF480530793052103A803F0D4FD21
:1031D00020B915B05DF804FBFFF7B0FFFFF7AEFFB5
:1031E000003802400070004008B504F04FFCFFF7C3
:1031F000A7FF00F02FF800F0DFFA00F02BF900F045
:1032000079F900F099F900F0B7FC00F08FFF00F0B9
:10321000E5FF01F027F900F049FC00F06FFC00F039
:10322000F5FE01F0CBF801F003F901F03BF901F0F4
:103230003FF800F025FB00F041FB00F0C1FC00F07E
:103240003DFA00F063FA11F029FB00F0EBF808F00A
:1032500051FDFEE72DE9F0438FB0002409940A9454
:103260000B940C940D9400945F4B1A6B42F0020285
:103270001A631A6B02F002020092009A01941A6B10
:1032800042F040021A631A6B02F040020192019A66
:1032900002941A6B42F001021A631A6B02F00102E7
:1032A0000292029A03941A6B42F008021A631A6B94
:1032B00002F008020392039A04941A6B42F004028B
:1032C0001A631A6B02F004020492049A05941A6BB2
:1032D00042F480721A631A6B02F480720592059AA6
:1032E00006941A6B42F020021A631A6B02F0200255
:1032F0000692069A07941A6B42F080021A631A6BC0
:1033000002F080020792079A08941A6B42F01002AA
:103310001A631B6B03F010030893089B334F22467C
:103320004021384604F0D4F8314E012210213046B5
:1033300004F0CEF8DFF8C08001221146404604F0C8
:10334000C7F84023099301250A950B940C9409A909
:10335000384603F0C7FF082309934FF40419CDF84A
:1033600028900B9509A9384603F0BCFF09950A94EB
:103370000B9509A9304603F0B5FF102309930A9570
:103380000B9502270C9709A9304603F0ABFF3023B9
:103390000993CDF828900B9409A9164803F0A2FFD1
:1033A00009950A950B950C9709A9404603F09AFFD9
:1033B00022460521092004F04BFB092004F058FBAC
:1033C000224605210A2004F043FB0A2004F050FBAA
:1033D00022460521172004F03BFB172004F048FB90
:1033E0000FB0BDE8F08300BF003802400018024073
:1033F00000000240000802400004024008B501F04D
:10340000D5F9002008F0AEFC08BD0000034B0360B6
:10341000034B0B6080231360704700BFF010002047
:10342000F00E002010B588B00DF1040C074C0FCC45
:10343000ACE80F0094E807008CE80700002101A821
:1034400008F05DFC024B186008B010BDD4510108B3
:103450005411002000B585B000230093019302931E
:1034600003931548154A02604FF4003242608360AE
:103470000361037680F82030C362114A8262C36020
:103480000122C26180F83030426104F0D9FB68B992
:1034900010230093012301930023029369460648F9
:1034A00004F0FAFB28B905B05DF804FBFFF746FE0F
:1034B000EEE7FFF743FEF6E7581100200020014039
:1034C0000100000F0268094B9A4200D0704782B099
:1034D00000230193064B5A6C42F480725A645B6C71
:1034E00003F480730193019B02B0704700200140F8
:1034F0000038024008B50E480E4B036003234360BA
:1035000000238360C3604FF4102202614FF4001265
:1035100042610376012242768376C2760377427750
:1035200004F084FC00B908BDFFF708FEFBE700BF0C
:10353000CC1100200064004008B50E480E4B03601B
:103540000323436000238360C3604FF410220261B1
:103550004FF4001242610376012242768376C276EE
:103560000377427704F062FC00B908BDFFF7E6FD7F
:10357000FBE700BFA41100200068004010B58AB02E
:103580000023059306930793089309930368454A1C
:10359000934204D0444A93423CD00AB010BD434AFF
:1035A000136801331360012B27D000240194404B92
:1035B0001A6B42F008021A631B6B03F008030193B5
:1035C000019B032305930222069208930923099382
:1035D00005A9384803F086FE22460521142004F090
:1035E00037FA142004F044FA22460521152004F08D
:1035F0002FFA152004F03CFACFE7002300932C4B60
:103600001A6C42F000721A641B6C03F00073009392
:10361000009BCAE700230293254B1A6C42F080629C
:103620001A641B6C03F080630293029B1F4A1368A9
:1036300001331360012B28D0002404941C4B1A6B17
:1036400042F002021A631B6B03F002030493049B13
:103650006023059302230693032308930923099308
:1036600005A9154803F03EFE22460521402004F03E
:10367000EFF9402004F0FCF922460521412004F036
:10368000E7F9412004F0F4F987E700230393084B9E
:103690001A6C42F000721A641B6C03F000730393FF
:1036A000039BC9E70064004000680040A0110020AF
:1036B00000380240000C02400004024008B50548F2
:1036C000054B036004F0B6FF00B908BDFFF736FDF7
:1036D000FBE700BFF4110020003002400268094BF4
:1036E0009A4200D0704782B000230193064B1A6BB8
:1036F00042F480521A631B6B03F480530193019BC5
:1037000002B07047003002400038024000B583B07C
:103710000023009301930C480C4B036004F099FFC5
:1037200058B900230093019310226946064804F01B
:10373000A2FF28B903B05DF804FBFFF7FFFCF0E738
:10374000FFF7FCFCF6E700BFFC110020007400400E
:1037500000B589B000230393049305930693079360
:103760000268134B9A4202D009B05DF804FB0021B5
:10377000019103F5E2331A6C42F000521A641A6C9C
:1037800002F000520192019A02911A6B42F001027A
:103790001A631B6B03F001030293029B2023039324
:1037A0000323049303A9034803F09CFDDCE700BF57
:1037B000007400400000024010B582B00024009464
:1037C0002E4B1A6B42F480021A631A6B02F48002C9
:1037D0000092009A01941A6B42F400121A631B6B58
:1037E00003F400130193019B224605210C2004F0F1
:1037F0002FF90C2004F03CF9224605210D2004F09D
:1038000027F90D2004F034F9224605212F2004F079
:103810001FF92F2004F02CF922462146382004F00D
:1038200017F9382004F024F9224605213A2004F043
:103830000FF93A2004F01CF9224621463B2004F0FF
:1038400007F93B2004F014F922462146442004F0F5
:10385000FFF8442004F00CF922460521452004F02D
:10386000F7F8452004F004F922460521462004F02B
:10387000EFF8462004F0FCF802B010BD003802401A
:1038800008B50B480B4B03600B4B43600023836070
:10389000C3604FF48042026143618361C36103628C
:1038A00005F0EAF800B908BDFFF748FCFBE700BFE8
:1038B0002413002000580040801A060008B50B4869
:1038C0000B4B03600B4B436000238360C3604FF4DA
:1038D0008042026143618361C361036205F0CCF8F9
:1038E00000B908BDFFF72AFCFBE700BFD01200209B
:1038F000005C0040801A06002DE9F0418AB00023E8
:103900000593069307930893099303685D4A9342CE
:1039100005D05D4A934269D00AB0BDE8F081044603
:1039200000250095594E336B43F020033363336B0E
:1039300003F020030093009B0323059312220692B9
:1039400008930423099305A9514803F0CBFC019582
:10395000336C43F480033364336C03F480030193CA
:10396000019B4C484C4B03604FF0606343608560A3
:10397000C5604FF48063036145618561C56105627F
:10398000456203F035FE58BB424BA3639C6343483A
:10399000434B03604FF06063436040238360002328
:1039A000C3604FF48062026143618361C36103625B
:1039B000436203F01DFEB0B9384B63639C63002281
:1039C0000521212004F044F8212004F051F80022C0
:1039D0000521222004F03CF8222004F049F89BE75E
:1039E000FFF7ACFBD0E7FFF7A9FBE5E70025029561
:1039F000264C236B43F004032363236B03F004037F
:103A00000293029B0395236B43F001032363236B13
:103A100003F001030393039B4FF4007305934FF0EE
:103A20001208CDF81880032708970426099605A9DF
:103A30001C4803F057FC4FF480730593CDF81880B1
:103A400007950897099605A9174803F04BFC0495BC
:103A5000236C43F400032364236C03F400030493F6
:103A6000049B2A460521482003F0F2FF482003F07A
:103A7000FFFF2A460521492003F0EAFF492003F011
:103A8000F7FF49E700580040005C00400038024062
:103A9000001402407012002040600240101200200A
:103AA000B8600240000802400000024008B5054826
:103AB000054B036005F0DCFE00B908BDFFF73EFBD7
:103AC000FBE700BF78130020000806500268094B8E
:103AD0009A4200D0704782B000230193064B5A6B84
:103AE00042F040025A635B6B03F040030193019B79
:103AF00002B07047000806500038024008B50A4876
:103B00000A4B0360002343607C22826040F67F42C0
:103B1000C26003614361836105F012FF00B908BD13
:103B2000FFF70CFBFBE700BF8813002000280040D4
:103B300000B585B0002300930193029303930268BC
:103B40000A4B9A4202D005B05DF804FB02230093B1
:103B5000074B0393684603F003FA20B9054B012293
:103B6000C3F83C2EEFE7FFF7E9FAF7E7002800403B
:103B700000031E000000474208B50F480F4B0360CA
:103B80004FF48273436000238360C36002220261AA
:103B9000012242614FF4007282611022C26103620D
:103BA000436283620A23C36205F0AAFF00B908BD1D
:103BB000FFF7C4FAFBE700BFC0140020003001404B
:103BC00008B50F480F4B03604FF482734360002326
:103BD0008360C36002220261012242614FF40072DD
:103BE00082613822C2610362436283620A23C36234
:103BF00005F086FF00B908BDFFF7A0FAFBE700BF9C
:103C000068140020003800402DE9F0438BB00023F9
:103C10000593069307930893099303685C4A9342BC
:103C200006D05C4A934200F087800BB0BDE8F08379
:103C3000044600250095584B5A6C42F480525A6451
:103C40005A6C02F480520092009A01951A6B42F06D
:103C500002021A631A6B02F002020192019A0295A3
:103C60001A6B42F001021A631B6B03F0010302930B
:103C7000029B182305934FF00209CDF818904FF0DE
:103C80000108CDF81C80032608960527099705A989
:103C9000424803F027FB80230593CDF81890CDF818
:103CA0001C800896099705A93D4803F01BFB3D4879
:103CB0003D4B03604FF0C06343608560C5604FF4C7
:103CC0008063036145618561C5614FF440330362E0
:103CD000042343628662C562056303F089FC28BB46
:103CE000304BE3649C633148314B03604FF0C06359
:103CF0004360402383600023C3604FF4806202610D
:103D000043618361C3614FF440320262436203F056
:103D10006FFC70B9254BA3649C630022052123200E
:103D200003F096FE232003F0A3FE7EE7FFF706FADA
:103D3000D6E7FFF703FAEDE700240394164B1A6C5D
:103D400042F480421A641A6C02F480420392039A8D
:103D500004941A6B42F002021A631B6B03F0020315
:103D60000493049B4FF460430593022306930323BB
:103D700008930525099505A9084803F0B3FA2246DA
:103D80002946242003F064FE242003F071FE4CE752
:103D9000003001400038004000380240000402407A
:103DA000000002400814002010640240A813002004
:103DB0005864024000B587B003682C4A934218D07B
:103DC0002B4A934224D02B4A93422ED02A4A934224
:103DD00038D02A4A934218D100230593284B5A6CB5
:103DE00042F400325A645B6C03F400330593059B84
:103DF0000BE000230193224B5A6C42F001025A64FB
:103E00005B6C03F001030193019B07B05DF804FBB9
:103E1000002302931A4B1A6C42F004021A641B6CC2
:103E200003F004030293029BEFE700230393144B78
:103E30001A6C42F008021A641B6C03F00803039327
:103E4000039BE2E7002204920D4B596C41F0020102
:103E500059645B6C03F002030493049B0F212D2033
:103E600003F0F6FD2D2003F003FECEE70000014035
:103E700000080040000C00400004014000440140E4
:103E80000038024070B58CB0002307930893099363
:103E90000A930B930368514A93420DD0504A9342C0
:103EA00022D0504A93423AD04F4A934251D04F4A7F
:103EB000934279D00CB070BD002301934C4B1A6B28
:103EC00042F010021A631B6B03F010030193019B75
:103ED0004FF4D44307930223089301230B9307A9BC
:103EE000444803F0FFF9E5E700230293404B1A6BC7
:103EF00042F008021A631B6B03F008030293029B53
:103F00004FF480430793022308930122099203226E
:103F10000A920B9307A9384803F0E4F9CAE7002393
:103F20000393334B1A6B42F080021A631B6B03F04E
:103F300080030393039B4FF4E053079302230893FA
:103F4000012209920A930B9307A92C4803F0CAF99E
:103F5000B0E700240494264B1A6B42F480721A6373
:103F60001A6B02F480720492049A05941A6B42F060
:103F700004021A631B6B03F004030593059BC02323
:103F800007930226089603250B9507A91C4803F002
:103F9000A9F940230793089609940A940B9507A959
:103FA000184803F09FF985E700230693104B1A6B1E
:103FB00042F020021A631B6B03F020030693069B5A
:103FC0004023079302230893012209920A930323B3
:103FD0000B9307A90C4803F085F96BE7000001403B
:103FE00000080040000C0040000401400044014073
:103FF0000038024000100240000C0240001C024049
:1040000000200240000802400014024010B596B0A3
:1040100000241294139414941594109411940994F8
:104020000A940B940C940D940E940F942022214624
:1040300001A8FCF7EDF93B483B4B0360A723436025
:10404000846044F61F63C36004614461846106F0C8
:104050009FF900284BD14FF48053129312A9314895
:1040600006F0FCFA002845D12E4806F0E9F90028B0
:1040700043D100231093119310A92A4806F0FEFBA8
:1040800000283DD16023099300220A920B920C92E2
:104090000D920E920F9209A9224806F064FA0028A8
:1040A00031D1042209A91F4806F05DFA70BB08222D
:1040B00009A91C4806F057FA58BB0C2209A919484F
:1040C00006F051FA40BB002301930293039304933B
:1040D00005934FF400520692089301A9114806F087
:1040E00013FCE0B90F48FFF7CDFE16B010BDFFF787
:1040F00025F8B0E7FFF722F8B6E7FFF71FF8B8E7B3
:10410000FFF71CF8BEE7FFF719F8CAE7FFF716F844
:10411000CDE7FFF713F8D0E7FFF710F8D3E7FFF785
:104120000DF8DFE7381600200000014000B58FB021
:1041300000230A930B930C930D9308930993019317
:104140000293039304930593069307932148224A0D
:104150000260A722426083604FF6FF72C260036173
:10416000836106F015F928BB4FF480530A930AA91E
:10417000184806F073FA00BB164806F061F9F8B962
:1041800000230893099308A9124806F077FBD0B9D9
:10419000602301930023029303930593082201A94E
:1041A0000C4806F0E0F988B90A48FFF76BFE0FB03B
:1041B0005DF804FBFEF7C2FFD6E7FEF7BFFFDBE7C3
:1041C000FEF7BCFFDCE7FEF7B9FFE1E7FEF7B6FF5D
:1041D000EAE700BFF01500200008004000B58FB0EE
:1041E00000230A930B930C930D9308930993019367
:1041F0000293039304930593069307932A482B4A4B
:104200000260436083604FF6FF72C26003618361A6
:1042100006F0BEF8002831D14FF480530A930AA962
:10422000214806F01BFA60BB1F4806F009F958BB8D
:1042300000230893099308A91B4806F01FFB30BB15
:1042400060230193002202920392059201A916486D
:1042500006F089F9F0B904220DEB0201124806F0CC
:1042600082F9D0B9082201A90F4806F07CF9B8B943
:104270000D48FFF707FE0FB05DF804FBFEF75EFF89
:10428000CAE7FEF75BFFCFE7FEF758FFD0E7FEF780
:1042900055FFD5E7FEF752FFDDE7FEF74FFFE1E7F9
:1042A000FEF74CFFE4E700BFA8150020000C00401B
:1042B00010B596B00024129413941494159410948D
:1042C000119409940A940B940C940D940E940F94E9
:1042D0002022214601A8FCF79BF83648364B0360A4
:1042E000A7234360846044F61F63C3600461446194
:1042F000846106F04DF8002843D14FF480531293A7
:1043000012A92C4806F0AAF900283DD1294806F048
:104310006BF800283BD100231093119310A9254876
:1043200006F0ACFA002835D1002209920A920B92CD
:104330000C920D920E920F9209A91E4806F0E4F815
:1043400058BB042209A91B4806F0DEF840BB08222E
:1043500009A9184806F0D8F828BB00230193029356
:104360000393049305934FF400520692089301A916
:10437000104806F0C9FAC8B90E48FFF783FD16B019
:1043800010BDFEF7DBFEB8E7FEF7D8FEBEE7FEF78E
:10439000D5FEC0E7FEF7D2FEC6E7FEF7CFFED0E7B8
:1043A000FEF7CCFED3E7FEF7C9FED6E7FEF7C6FE62
:1043B000E2E700BF601500200004014000B589B0AD
:1043C00000230193029303930493059306930793A9
:1043D0001548164A0260A7224260836041F2873284
:1043E000C2600361836105F0D3FFA0B90E4806F0F7
:1043F00027F898B960230193002202920392059254
:1044000001A9094806F0AFF858B90748FFF73AFD87
:1044100009B05DF804FBFEF791FEE7E7FEF78EFEBC
:10442000E8E7FEF78BFEF0E7181500200044014096
:1044300008B50A480A4B03604FF461234360002328
:104440008360C36003610C2242618361C36106F033
:10445000BFFB00B908BDFEF771FEFBE7E8180020BE
:104460000010014008B50C480C4B03600C4B436036
:104470004FF4805383600023C3604FF48062026175
:104480000C2242618361C36106F0A2FB00B908BD42
:10449000FEF754FEFBE700BFA418002000480040D0
:1044A000A086010008B50A480A4B03604FF4E133C7
:1044B000436000238360C36003610C224261836117
:1044C000C36106F085FB00B908BDFEF737FEFBE7C8
:1044D00060180020001401402DE9F0418CB0044622
:1044E00000230793089309930A930B9303689D4A4B
:1044F00093420AD09C4A934200F082809B4A9342A6
:1045000000F0C3800CB0BDE8F08100250095984B09
:104510005A6C42F010025A645A6C02F01002009277
:10452000009A01951A6B42F002021A631A6B02F0AC
:1045300002020192019A02951A6B42F001021A637B
:104540001B6B03F001030293029B802307934FF040
:104550000208CDF8208003270A9707260B9607A9A3
:10456000844802F0BFFE4FF400730793CDF820801B
:1045700009950A970B9607A97F4802F0B3FE7F487A
:104580007F4B03604FF00063436040238360C5604E
:104590004FF48063036145618561C5614FF4403329
:1045A0000362456203F024F820BB744B63639C6391
:1045B0007448754B03604FF00063436000238360D1
:1045C000C3604FF48062026143618361C3614FF451
:1045D00040320262436203F00BF870B9694BA36387
:1045E0009C6300220521252003F032FA252003F0E8
:1045F0003FFA87E7FEF7A2FDD7E7FEF79FFDEDE75D
:10460000002503955A4B1A6C42F480221A641A6CE6
:1046100002F480220392039A04951A6B42F004027A
:104620001A631B6B03F004030493049B4FF4406371
:1046300007930223089303230A9307230B9307A9E5
:10464000524802F04FFE5248524B03604FF0006355
:1046500043608560C5604FF4806303614561856197
:10466000C5610562456202F0C3FF58B9484BA363B8
:104670009C6300220521272003F0EAF9272003F09C
:10468000F7F93FE7FEF75AFDF0E700250595384BAF
:104690005A6C42F020025A645A6C02F020020592D1
:1046A000059A06951A6B42F040021A631B6B03F0E1
:1046B00040030693069B4FF4844307930223089319
:1046C00003260A9608230B9307A9334802F00AFE33
:1046D0003248334B03604FF0206343608560C56010
:1046E0004FF48063036145618561C5614FF4003318
:1046F0000362042343628662C562056302F078FFA9
:1047000050BB264BA3639C632648274B03604FF0A6
:1047100020634360402383600023C3604FF48062C2
:10472000026143618361C3614FF40032026204227B
:10473000426203228262C362036302F059FF70B9CE
:10474000184B63639C6300220521472003F080F926
:10475000472003F08DF9D5E6FEF7F0FCD1E7FEF730
:10476000EDFCEDE70010014000480040001401405E
:1047700000380240000402400000024000180020FF
:10478000B8640240A017002088640240000802407C
:10479000401700202860024000180240E016002068
:1047A0004064024080160020A064024008B5002248
:1047B0000F49104807F094FD70B90F490D4807F0F4
:1047C000A6FD60B90D490B4808F08CFD50B90948A9
:1047D00007F0BDFD48B908BDFEF7B0FCEDE7FEF7F8
:1047E000ADFCEFE7FEF7AAFCF1E7FEF7A7FCF2E766
:1047F000840000202C19002008010020A0000020C7
:1048000070B52DED028B88B00023039304930593BC
:10481000069307930368B3F1A04F03D008B0BDEC33
:10482000028B70BD00250195224C236B43F00103E0
:104830002363236B03F001030193019B4FF4E053C7
:10484000039302230493032306930A2307931A4E28
:1048500003A9304602F046FD636B43F080036363B7
:104860000295636C43F480436364636C03F4804398
:104870000293029B2A460521432003F0E9F84320D6
:1048800003F0F6F82A464FF48051304602F020FE3D
:104890009FED0A8AB0EE480A08F0EAFE01224FF4C2
:1048A0008051304602F014FEB0EE480A08F0E0FEF7
:1048B000B4E700BF0038024000000240CDCCCC3D40
:1048C00008B500F2C441D0F8080507F056FD08BD50
:1048D00008B501EBC10300EB8303D3F88C22D0F8B9
:1048E000080507F017FE08BD08B501EBC10300EB92
:1048F0008303DA6CD0F8080507F06EFE08BD08B532
:10490000D0F8080507F0B1FD08BD10B50446C3682E
:104910003BB1022B01D1012104E0FEF70FFC012184
:1049200000E00021D4F8080507F085FDD4F808055B
:1049300007F04FFD10BD000010B50446D0F8080583
:1049400007F07CFD2268D2F8003E43F00103C2F874
:10495000003E236A23B1034A136943F0060313613F
:1049600010BD00BF00ED00E008B5D0F8080507F065
:104970006FFD08BD08B5D0F8080507F09EFD08BD1D
:1049800008B5D0F8080507F081FD08BD08B5D0F8D6
:10499000080507F0A9FD08BD08B5D0F8080507F01F
:1049A000A5FD08BD02780AB10020704710B5034686
:1049B0001548C0F80835C3F8C8024FF0A04303609B
:1049C000042343600222C260002303618261C36149
:1049D00003624362C362036300F040FB80B90A4C88
:1049E0008021204601F038F940220021204601F0C4
:1049F0000DF980220121204601F008F9002010BDA8
:104A0000FEF79CFBEBE700BF281E0020D0F8C83261
:104A100011F0800F08D101F07F0101EBC10103EB20
:104A2000810393F87E02704701F07F0101EBC10121
:104A300003EB810393F83E00704708B5D0F8C80235
:104A400000F02FFD08BD000000487047081C002042
:104A50007047032805D8DFE800F0050402050120AF
:104A600070470320704708B5D0F8C80200F08DFBEE
:104A7000FFF7EFFF08BD08B594461A466346D0F825
:104A8000C80200F061FCFFF7E4FF08BD08B5D0F8EC
:104A9000C80200F09EFCFFF7DCFF08BD08B5D0F8A7
:104AA000C80200F036FDFFF7D4FF08BD08B5D0F806
:104AB000C80200F072FDFFF7CCFF08BD08B5D0F8C2
:104AC000C80200F02DFCFFF7C4FF08BD08B5D0F800
:104AD000C80200F0EFFCFFF7BCFF08BD08B5D0F836
:104AE000C80200F0AFFCFFF7B4FF08BD12230B8033
:104AF000004870477000002004230B800048704776
:104B00006C000020002393421ED200B510E00CF18F
:104B1000370C01F813C000014FEA430C0CF1010CF3
:104B20004FF0000E01F80CE00133DBB2934209D2E2
:104B30004FEA107CB0F1204FE9D20CF1300C01F8B3
:104B400013C0E8E75DF804FB7047000038B50B4B75
:104B5000D3F8100AD3F8144AD3F8183AC01800D181
:104B600038BD074D08222946FFF7CCFF042205F186
:104B700010012046FFF7C6FFF2E700BF0070FF1FDD
:104B80005200002008B51A230B80FFF7DFFF014811
:104B900008BD00BF5000002008B50A4628B90549E5
:104BA000054808F01EF9034808BD0249024808F00C
:104BB00018F9F8E7342300200057010810B50A4619
:104BC000034C2146034808F00CF9204610BD00BFF5
:104BD000342300201457010808B50A4628B90549AE
:104BE000054808F0FEF8034808BD0249024808F0ED
:104BF000F8F8F8E7342300202457010808B50A46DE
:104C000028B90549054808F0ECF8034808BD0249F1
:104C1000024808F0E6F8F8E734230020305701088E
:104C2000002070470020704708B5034B1B680BB18C
:104C300008889847002008BD3835002038B50C4654
:104C4000074D0146284608F066FB284608F08AFB17
:104C5000044B1B680BB120889847002038BD00BF6B
:104C60002C1900203435002010B5064C00220649CE
:104C7000204608F042FB0549204608F04CFB002086
:104C800010BD00BF2C19002034250020342D002039
:104C9000094BD3F8BC32D3F814320BB10120704762
:104CA00010B5054C0A460146204608F026FB204672
:104CB00008F03DFB10BD00BF2C190020024B18600E
:104CC000024B196002487047383500203435002007
:104CD000342D0020FEE770477047FDE7FEE7FEE752
:104CE000FEE7704708B502F02DFA08BD08B50820A8
:104CF00002F0F4FB08BD08B5102002F0EFFB08BD80
:104D000008B5024802F06CFD08BD00BF4017002046
:104D100008B5024802F064FD08BD00BF7012002013
:104D200008B5024803F05EFB08BD00BFCC110020AF
:104D300008B5024803F056FB08BD00BFCC110020A7
:104D400008B5202002F0CAFB08BD000008B50248E3
:104D500004F05CFC08BD00BF2413002008B5024825
:104D600004F024FD08BD00BF2413002008B502484C
:104D700005F042F808BD00BFC014002008B5024885
:104D800005F03AF808BD00BF6814002008B50248D5
:104D900006F010F908BD00BFE818002008B5024869
:104DA00006F008F908BD00BFA418002008B50348A4
:104DB00005F0CDF9024805F0CAF908BD60150020DC
:104DC0003C35002008B5024802F00AFD08BD00BFCE
:104DD0001012002008B5024802F002FD08BD00BF15
:104DE0000814002008B5024802F0FAFC08BD00BF14
:104DF000E016002008B5024802F0F2FC08BD00BF32
:104E0000A813002008B5024803F0ECFA08BD00BF63
:104E1000A411002008B5024803F0E4FA08BD00BF61
:104E2000A411002008B5024800F00CFC08BD00BF2A
:104E3000281E002008B5024802F0D2FC08BD00BFC1
:104E4000A017002008B5024802F0CAFC08BD00BF48
:104E50008016002008B5024802F0C2FC08BD00BF61
:104E60000018002008B5024806F0A4F808BD00BFED
:104E70006018002008B5024804F0C8FB08BD00BF58
:104E8000D012002008B5024804F090FC08BD00BF15
:104E9000D012002010B582B000240094114B5A6C3F
:104EA00042F480425A645A6C02F480420092009AA2
:104EB00001941A6C42F080521A641B6C03F0805308
:104EC0000193019B22460F216FF0010002F0C0FD0B
:104ED00022460621042002F0BBFD042002F0C8FD9A
:104EE00002B010BD0038024030B589B0044600233E
:104EF0000193214B1A6C42F480721A641B6C03F408
:104F000080730193019B02A903A802F00BF8069B92
:104F1000CBB901F0E7FF0346184AA2FB03239B0C21
:104F2000013B1748174A026040F2E732C260436013
:104F3000002303618360836105F02AFA054630B1DE
:104F4000284609B030BD01F0CDFF4300E4E70C482E
:104F500005F0B4F805460028F2D12D2002F088FDB6
:104F60000F2C01D90125EBE7002221462D2002F06C
:104F70006FFD054B1C60E3E70038024083DE1B43F6
:104F80003C35002000200040B80000202DE9F0430F
:104F900083B0D0F8008001EBC10300EB8303DA6D2E
:104FA0005B6D9A4254D807460C469B1A01EBC1022E
:104FB00000EB8202926C9A4200D31A4602F1030976
:104FC0004FEA990915E006F103094FEA990904EB44
:104FD000C40507EB8505E96C3B7C0093B3B2E2B2F4
:104FE000404601F002FAEB6C3344EB64EB6D334462
:104FF000EB6508EB441303F510639B699BB24B45CB
:1050000012D304EBC40307EB8303DA6D5B6D9A42A2
:105010000AD24BB19B1A04EBC40207EB8202966CD6
:105020009E42D0D31E46CEE704EBC40307EB8307B2
:105030007A6DFB6D9A420FD804F00F040122A24052
:10504000D8F8343823EA0203C8F83438002000E0E6
:10505000012003B0BDE8F0830020FAE770B58AB004
:10506000002800F090800546046890F8BD343BB3FA
:10507000032385F8BD34E36B13F4807F01D1002353
:105080002B61286800F0D4FE2C4654F8106BEC46D7
:105090000FCCACE80F000FCCACE80F0094E8030095
:1050A0008CE803002B1D0ECB304600F003FE0446B7
:1050B00058B1022385F8BD34012420460AB070BDE2
:1050C00080F8BC34FFF79CFBD2E70021286801F090
:1050D00094FB234616E003EBC30205EB8202012199
:1050E00082F83D1082F83C30A2F84430002182F86A
:1050F00040109164D16403EBC30205EB8202516559
:105100000133DBB269688B42E5D316E004EBC403DC
:1051100005EB8303002283F87D2283F87C4283F829
:105120008022C3F88822C3F88C2204EBC40305EB69
:105130008303C3F894220134E4B2A142E6D82C469A
:1051400054F8106BEC460FCCACE80F000FCCACE879
:105150000F0094E803008CE803002B1D0ECB3046B3
:1051600000F0C2FE044620B1022385F8BD340124BC
:10517000A3E7002385F83830012385F8BD3428687B
:1051800001F0FAFA99E7012497E7026890F8BC3435
:10519000012B19D010B50446012380F8BC34836A72
:1051A000012B09D0206800F03DFE206801F0D6FAFE
:1051B000002084F8BC0410BD8369012BF2D0936BEE
:1051C00043F480339363EDE70220704770B50446E3
:1051D0000D460068066C00EB411303F530639A68D6
:1051E0002169012911D038498E4256D03DB905EBCD
:1051F000C50304EB8303D3F89432002B5ED0E9B2ED
:105200002046FFF765FB002070BD12F0080F09D0A3
:105210002E498E42F7D912F4004FF4D04FF40042D9
:105220009A60F0E712F0200F02D020229A60EAE79D
:1052300012F0280FE7D125498E4206D912F4004F0B
:1052400003D04FF400429A60DDE705EBC50204EBA2
:105250008202D2F898121B69C3F31203CB1AC2F868
:105260009C327DB905EBC50204EB8202D2F8942290
:105270006AB105EBC50204EB8202D2F88C12194424
:10528000C2F88C12E9B22046FFF722FBBBE704F21A
:10529000C442012101F0F0FAF4E712F4004F03D008
:1052A0004FF400429A60AEE712F0200F01D02022A6
:1052B0009A60E9B22046FFF70BFBA4E704F2C44270
:1052C000002101F0D9FA9AE70A31544F0A30544FBD
:1052D00038B5044603681D6C03EB4113D3F8081B73
:1052E0000E4A954207D903F5306311F4004F02D0FE
:1052F0004FF400429A602046FFF7E2FA074B9D42C6
:1053000002D92369012B01D0002038BD04F2C44228
:105310000121206801F0B0FAF6E700BF0A30544FCF
:1053200090F8BC34012B0DD010B50446012380F851
:10533000BC3480F83810006801F000FA002084F8CE
:10534000BC0410BD0220704738B505468C4611F0EC
:10535000800F29D101F00F0E0EEBCE04A40004F54E
:105360001E740444211D0EEBCE0E00EB8E0E0020A9
:105370008EF87D020CF00F0C81F800C0CA600B7132
:105380004A780AB1A1F808C0022B1DD095F8BC34A8
:10539000012B1CD0012385F8BC34286800F07DFE69
:1053A000002085F8BC0438BD01F00F0000EBC001FF
:1053B000890038312944043100EBC00005EB80003E
:1053C000012480F83D40D5E700234B71DEE7022041
:1053D000E9E710B504460A4611F0800F20D101F02C
:1053E0000F0000EBC0039B0003F51E732344191D3F
:1053F00000EBC00004EB8000002380F87D3202F057
:105400000F020A7094F8BC34012B19D0012384F8E0
:10541000BC34206800F08EFE002084F8BC0410BD6F
:1054200001F00F0000EBC0039B0038332344191D2B
:1054300000EBC00004EB8000012380F83D30DEE784
:105440000220ECE710B501F00F0404EBC401890061
:1054500001F51E710144043104EBC40C00EB8C0C0B
:10546000CCF88C22CCF894320023CCF89C328CF807
:105470007D328CF87C420369012B06D064B9DAB224
:10548000006800F0C7FE002010BD04EBC40C00EB68
:105490008C0CCCF89022F1E7DAB2006800F0BCFF87
:1054A000F1E701F00F0101EBC10100EB8100D0F841
:1054B0009C02704710B501F00F0404EBC401890091
:1054C00038310144043104EBC40C00EB8C0CCCF8F3
:1054D0004C20CCF854300023CCF85C3001238CF8FD
:1054E0003D308CF83C400369012B06D064B9DAB238
:1054F000006800F08FFE002010BD04EBC40C00EB30
:105500008C0CCCF85020F1E7DAB2006800F084FF90
:10551000F1E738B501F00F054268954239D80446E5
:105520000B4611F0800F1FD101EBC101890001F57D
:105530001E710144043103EBC30300EB830300221B
:1055400083F87D2201238B700D7094F8BC34012BFD
:1055500021D0012384F8BC34206801F094F88DB187
:10556000002084F8BC0438BD05EBC5018900383142
:105570000144043105EBC50300EB8303012283F8EA
:105580003D20DFE704F2C442217C206801F074F979
:10559000E6E70120E7E70220E5E701F00F034268B4
:1055A000934231D810B5044611F0800F1ED103EBA1
:1055B000C301890001F51E710144043103EBC302EC
:1055C00000EB8202002082F87D0200228A700B70BC
:1055D00094F8BC34012B19D0012384F8BC34206822
:1055E00001F07EF8002084F8BC0410BD03EBC30179
:1055F000890038310144043103EBC30200EB82021D
:10560000012082F83D00E0E7012070470220ECE72E
:1056100008B511F0800F0CD101F00F0101EBC101B1
:10562000890001F51E7101440431006800F07EFE1E
:1056300008BD01F00F0101EBC101890038310144BF
:105640000431F2E72DE9F04F83B00446056828469F
:1056500001F0CFF810B103B0BDE8F08F0646206826
:1056600001F098F80028F6D005F50067BB68C3F391
:105670000D23C4F8FC34206801F08CF810F0020F00
:1056800004D02268536903F002035361206801F0DB
:1056900081F810F0100F15D02268936923F01003E1
:1056A0009361D5F8208008F00F0908F4F013B3F5E2
:1056B000802F4CD0B3F5402F6FD02268936943F010
:1056C00010039361206801F065F810F4002F76D183
:1056D000206801F05FF810F4802F40F0E08020682F
:1056E00001F058F80028C0F26381206801F052F8F8
:1056F00010F4006F09D0BB6813F0010F40F0708107
:105700002268536903F400635361206801F042F892
:1057100010F4805F40F06881206801F03BF810F4DD
:10572000005F40F0B581206801F034F810F0080FF8
:1057300040F0C681206801F02DF810F0800F00F0D5
:10574000D981AB6923F08003AB610126C2E147F642
:10575000F07318EA030FB0D04FEA181A4FEAC903E2
:10576000019309EBC90B04EB8B0BC8F30A12DBF8AE
:105770008C12284600F064FFDBF88C32CAF30A0A68
:105780005344CBF88C32DBF89C32019A4A4404EB48
:1057900082025344C2F89C328FE7082204F2C441CB
:1057A000284600F04DFF09EBC90304EB8303D3F84F
:1057B0009C22C8F30A184244C3F89C227DE7206863
:1057C00000F0ECFF8046B14635E005EB49130122BD
:1057D000C3F8082B49462046FFF7F8FC3CE005EBF0
:1057E00049130822C3F8082B49462046FFF770FDED
:1057F00035E009EBC90304EB830393F87F32012BF7
:1058000041D005EB49130222C3F8082B1AF0200FF0
:1058100004D005EB49132022C3F8082B1AF4005FCB
:1058200005D005EB49134FF40052C3F8082B09F1DA
:1058300001094FEA5808B8F1000F3FF449AF18F0DA
:10584000010FF4D05FFA89FB5946206800F0B6FFDB
:10585000824610F0010FB8D11AF0080FBFD11AF02C
:10586000100F04D005EB49131022C3F8082B1AF0CF
:10587000020FCBD06B6913F0800FBAD07B6843F472
:1058800080637B60B5E709EBC90304EB8303002267
:1058900083F87F2259462046FFF76CF8B1E720686D
:1058A00000F084FF8046B14625E059462046FFF7C8
:1058B0001BF81AF0080F04D005EB49130822C3F8AF
:1058C00008291AF0100F04D005EB49131022C3F871
:1058D00008291AF0400F04D005EB49134022C3F801
:1058E00008291AF0020F40D11AF0800F5BD109F19C
:1058F00001094FEA5808B8F1000F3FF4F0AE18F074
:10590000010FF4D05FFA89FB5946206800F05FFF71
:10591000824610F0010FCCD009F00F02012101FAEC
:1059200002F27B6B23EA02037B6305EB4913C3F8A6
:10593000081923698B42B8D109EBC90304EB83032F
:10594000DA6C996C0A44DA64B9F1000FADD109EB55
:10595000C90304EB83035B6D002BA6D104F2C442A0
:105960000121206800F088FF9FE74946284600F0A3
:1059700065FA09EBC90304EB830393F83F30012B6D
:1059800005D005EB49130222C3F80829ACE709EB5F
:10599000C90304EB8303002283F83F2059462046C5
:1059A000FEF7EEFFEDE749462046FFF7EFFA9EE7E8
:1059B0007B6823F001037B6094F8F434012B08D05A
:1059C0002046FEF7D1FF2268536903F0004353617C
:1059D0008BE6002184F8F414204600F041F9F2E748
:1059E0002046FEF7A9FF8BE67B6823F001037B606E
:1059F0001021206800F022FA1AE005EB46134FF65A
:105A00007F31C3F80819D3F8002922F40012C3F833
:105A10000029C3F8081BD3F8002B22F40012C3F8A6
:105A2000002BD3F8002B42F00062C3F8002B0136A4
:105A30006368B342E1D8FB6943F00113FB61236B58
:105A4000DBB1D7F8843043F00B03C7F884307B6CAC
:105A500043F00B037B64D5F8003823F4FE63C5F8EC
:105A6000003804F2C442217C206800F005FF22685F
:105A7000536903F4805353614EE67B6943F400534A
:105A800043F02B037B613B6943F00B033B61E2E78F
:105A9000206800F0E3FE206800F0EEFAE06026687F
:105AA00001F01AFA0146227B304600F049F92046FF
:105AB000FEF72BFF2268536903F40053536132E66B
:105AC0002046FEF71CFF2268536903F00803536168
:105AD00030E601366368B3420CD906EBC60304EB2B
:105AE000830393F87F32012BF3D1F1B22046FFF705
:105AF0008FFDEEE7206800F04DFE10F4801F27D1E7
:105B0000206800F047FE10F4001F5BD0012328E05E
:105B100001366368B3421DD905EB4613D3F800295B
:105B200006EBC60304EB830393F84030012BEFD15F
:105B3000002AEDDA06EBC60304EB8303012283F8A7
:105B40003F2066F07F01C9B22046FFF761FDDFE725
:105B50000126DEE72268536903F480135361CFE71F
:105B6000013362689A4228D905EB4312D2F8001B30
:105B700003EBC30204EB820292F88022012AEFD1E8
:105B80000029EDDA01F48031D4F8FC2402F001029E
:105B90009142E5D103EBC30204EB8202012182F8BA
:105BA0007F12AA6942F08002AA616A6912F0800F2E
:105BB000D6D17B6843F400737B602268536903F499
:105BC00000135361206800F0E5FD10F0804F10D104
:105BD000206800F0DFFD10F0040F3FF43CAD2368B7
:105BE0005D6815F0040F0DD1226853682B43536094
:105BF00031E52046FEF7CAFE2268536903F0804370
:105C00005361E5E72046FEF7C7FEEDE710B40468F0
:105C1000606A31B940EA0240A06200205DF8044B9E
:105C200070478C46A36A00EB1340002308E003F1A1
:105C3000400104EB8101496800EB11400133DBB204
:105C40000CF1FF318B42F2D340EA02400CF13F01EC
:105C500004EB81046060E0E703685962002070474C
:105C60007047000082B000230193019B0133019330
:105C7000019A0F4B9A4215D80369002BF5DA0023DD
:105C80000193036943F001030361019B0133019315
:105C9000019A074B9A4208D8036913F0010FF4D117
:105CA000002000E0032002B070470320FBE700BFA4
:105CB000400D030084B010B5044603A880E80E0030
:105CC000089B012B1FD1A36B23F48033A363E368EC
:105CD00023F4840323F04003E360E36823F44013D8
:105CE000E3600F9B012B09D02046FFF7BBFF069B0B
:105CF000012B1BD0BDE8104004B07047E36843F4AB
:105D00008013E360F0E7E36843F04003E36020467C
:105D1000FFF7A8FF0C9B23B9A36B43F48033A36365
:105D2000E5E7A36B23F48033A363E0E7A36843F0C4
:105D30000603A360A36843F02003A360DAE7000032
:105D4000022A0AD00922C36823F47053C360C368CF
:105D500043EA8223C36000207047234B0B44234A4D
:105D600093422FD9224B0B44224A93422CD9A1F5BE
:105D70007403A3F51053204A934227D9A1F18373EA
:105D8000A3F5E7431D4A934222D31D4B0B441D4A02
:105D900093421FD91C4B0B441C4A93421CD31C4BEF
:105DA0000B441C4A934219D3A1F1B773A3F558537E
:105DB000194A934214D3194B0B44194A934211D2F6
:105DC0000722C0E70F22BEE70E22BCE70D22BAE78A
:105DD0000C22B8E70B22B6E70A22B4E70922B2E7A1
:105DE0000822B0E70622AEE7405327FFFF340C003D
:105DF000401E1BFF3F420F007F4F120020D61300B2
:105E000060B6E5FE5FE3160000D3CEFE40771B00D0
:105E1000C05BB3FEC091210020753800E05459FEEC
:105E2000E09C4100836843F00103836000207047D9
:105E3000836823F0010383600020704782B0002351
:105E40000193019B01330193019A0F4B9A4215D89C
:105E50000369002BF5DA00230193890141F0200149
:105E60000161019B01330193019A074B9A4208D8C3
:105E7000036913F0200FF4D1002000E0032002B0EA
:105E800070470320FBE700BF400D030082B00023F2
:105E90000193019B01330193019A0E4B9A4213D84F
:105EA0000369002BF5DA0023019310230361019BA2
:105EB00001330193019A074B9A4208D8036913F002
:105EC000100FF4D1002000E0032002B0704703203F
:105ED000FBE700BF400D0300D0F800381943C0F8BD
:105EE000001800207047000084B02DE9F0410446FE
:105EF00007A880E80E00002306E003F1400204EB4F
:105F000082020021516001330E2BF6D9119F27BB6D
:105F1000D4F8043843F00203C4F80438A36B43F404
:105F20000013A363A36B23F40023A363A36B23F4E5
:105F30008023A3630023C4F8003E04F50065D4F871
:105F40000038C4F800380C9B012B14D1099B6BB9A5
:105F500000212046FFF7C0FF11E0A36B23F40013DC
:105F6000A363A36B43F40023A363E3E7012120466B
:105F7000FFF7B2FF03E003212046FFF7ADFF10213A
:105F80002046FFF75BFF804608B14FF0010820462E
:105F9000FFF77CFF08B14FF0010800232B616B6114
:105FA000EB610AE0C3B94FF00060C2F800090022BB
:105FB0000A614FF67F328A6001330799994210D9FE
:105FC00004EB431202F51061D2F800090028E9DB66
:105FD0000020C2F80009EAE74FF09040C2F800093B
:105FE000E5E700230AE0C3B14FF0904CC2F800CBC4
:105FF000002202614FF67F3282600133994211D94B
:1060000004EB431202F53060D2F8006B002EEADB9D
:106010004FF0000CC2F800CBEAE74FF0006CC2F87A
:1060200000CBE5E72B6923F480732B610023A36188
:106030006FF0804363610A9B1BB9A36943F01003AF
:10604000A361A2690B4B1343A3610D9B1BB1A36911
:1060500043F00803A361012F04D04046BDE8F0419E
:1060600004B07047A36943F0804343F00403A36185
:10607000F3E700BF00383C80D0F8083803F006038F
:10608000022B04D0062B04D02BB90020704702202D
:106090007047022070470F20704710B591F800C07C
:1060A0004B78012B23D000F5006ED0F81C380CF093
:1060B0000F040122A24043EA0243C0F81C3800EB5F
:1060C0004C10D0F8003B13F4004F0ED1D0F8003B39
:1060D000CA68C2F30A02097942EA8142134343F0D3
:1060E000805343F40043C0F8003B002010BDD0F8BB
:1060F0001C280CF00F0E03FA0EF39BB21343C0F8EA
:106100001C3800EB4C10D0F8003913F4004FECD1E0
:10611000D0F80039CA68C2F30A02097942EA81421A
:1061200042EA8C52134343F0805343F40043C0F8D7
:106130000039DAE730B40B784A78012A26D000EB30
:106140004313D3F8002B002A52DBD0F83C480A78DE
:1061500002F00F024FF0010C0CFA02F224EA0242A4
:10616000C0F83C28D0F81C28097801F00F010CFA7F
:1061700001FC22EA0C42C0F81C28D3F8001B234A79
:106180000A40C3F8002B002030BC704700EB4313DB
:10619000D3F80029002A1EDBD0F83C580A7802F018
:1061A0000F02012404FA02F292B225EA0202C0F8B8
:1061B0003C28D0F81C28097801F00F018C40A4B2CB
:1061C00022EA0402C0F81C28D3F80019104A0A4039
:1061D000C3F80029D7E7D3F8002942F00062C3F8DA
:1061E0000029D3F8002942F08042C3F80029D3E700
:1061F000D3F8002B42F00062C3F8002BD3F8002B39
:1062000042F08042C3F8002B9FE700BF0078F3EF15
:10621000007833EC70B40B784C78012C27D000EB6D
:10622000431000F530631C696FF312041C611C6994
:106230006FF3DC441C618C690CB1CC688C61CC6858
:10624000CC611C6944F400241C611C69CD69C5F350
:10625000120C44EA0C041C61012A62D0D0F8003B05
:1062600043F00443C0F8003B002070BC70478C69C9
:106270005CBB00EB4314D4F810596FF3DC45C4F851
:106280001059D4F8105945F40025C4F81059D4F821
:1062900010596FF31205C4F81059012A32D000EBDF
:1062A0004313D3F8002942F00442C3F800298B6954
:1062B000002BD9D0D0F83438097801F00F01012231
:1062C0008A401343C0F83438CEE700EB431404F59A
:1062D000106425696FF31205256125696FF3DC45AC
:1062E0002561CD688E69AE4200D98D61256945F47E
:1062F0000025256125698E69C6F3120C45EA0C0557
:106300002561CAE74A691AB100EB4311C1F81429A3
:1063100000EB4313D3F8002942F00442C3F80029EC
:10632000A2E70A69002A99D05A6197E710B483B0AE
:10633000024600230193487801280BD00B7802EB2A
:106340004313D3F8000B00282DDB002003B05DF8C9
:10635000044B70470B7802EB4313D3F80049002C31
:1063600001DB0020F2E7D3F8004944F00064C3F8F1
:1063700000490B7802EB4313D3F8004944F0804402
:10638000C3F80049019B01330193019C42F2107351
:106390009C42DBD80B7802EB4313D3F80039002B77
:1063A000F0DB0020D2E7D3F8000B40F00060C3F828
:1063B000000B0B7802EB4313D3F8000B40F0804046
:1063C000C3F8000B019B01330193019842F2107353
:1063D000984208D80B7802EB4313D3F8003B002B0C
:1063E000F0DB0020B2E70120B0E710B59DF80840CF
:1063F00084B903334FEA930E4FF0000C08E000EB32
:10640000023303F5805351F8044B1C600CF1010C6E
:10641000F445F4D3002010BDF0B583B00B784C7870
:10642000012C31D000EB431303F5306CDCF8104045
:106430006FF31204CCF81040DCF810406FF3DC442A
:10644000CCF810408C69002C40F0C380DCF8104080
:10645000CD68C5F312052C43CCF81040DCF8104091
:1064600044F40024CCF81040012A00F0CC800A79D2
:10647000012A00F0CF80D3F8002B42F00442C3F889
:10648000002B002003B0F0BD8C6974BB00EB4314FB
:10649000D4F810596FF3DC45C4F81059D4F81059EA
:1064A00045F40025C4F81059D4F810596FF31205BB
:1064B000C4F81059012A4AD000EB4313D3F800491D
:1064C00044F00444C3F800490C79012C68D08B696E
:1064D000002BD6D0D0F83438097801F00F01012212
:1064E0008A401343C0F83438CBE700EB4314D4F8A8
:1064F00010596FF31205C4F81059D4F810596FF3FE
:10650000DC45C4F81059D4F810698D69CF683D4452
:10651000013DB5FBF7F5494F07EAC5453543C4F8DA
:106520001059D4F810598E69C6F312063543C4F8D1
:10653000105904F510640D79012DBBD1256925F0A2
:10654000C0452561256945F000552561B2E74A69D6
:106550001AB100EB4314C4F814290A79012A08D0AF
:1065600000EB4313D3F8002942F00442C3F800299A
:1065700087E7D0F8082812F4807F08D100EB431198
:10658000D1F8002942F00052C1F80029E8E700EBF9
:106590004311D1F8002942F08052C1F80029DFE709
:1065A000D0F8084814F4807F0CD1D3F8004944F0A7
:1065B0000054C3F8004900920B8B0A780969FFF771
:1065C00014FF5EE7D3F8004944F08054C3F8004953
:1065D000F1E7CD682C44013CB4FBF5F4A4B204FB14
:1065E00005F5CD61DCF81050144E06EAC4442C4386
:1065F000CCF81040DCF81040CD69C5F312052C43EF
:10660000CCF8104030E70A69002A3FF430AFCCF8EC
:1066100014202CE7D0F8082812F4807F06D1D3F894
:10662000002B42F00052C3F8002B24E7D3F8002BD4
:1066300042F08052C3F8002B1DE700BF0000F81F96
:1066400010B5844608464FEA920E02F0030200237A
:1066500005E00CF58051096840F8041B01337345CF
:10666000F7D37AB10CF5805CDCF800400021CBB2A6
:10667000DB0024FA03F300F8013B0131013A92B246
:10668000002AF4D110BD0B784A78012A14D000EB0F
:106690004310D0F8002B002A06DB2BB1D0F8003BCA
:1066A00023F08043C0F8003BD0F8003B43F40013D4
:1066B000C0F8003B0020704700EB4310D0F80029E1
:1066C000002A06DB2BB1D0F8003923F08043C0F854
:1066D0000039D0F8003943F40013C0F80039E9E775
:1066E0000B784A78012A0ED000EB4310D0F8003B1B
:1066F00023F40013C0F8003B0B79023BDBB2012B03
:1067000015D90020704700EB4310D0F8003923F46E
:106710000013C0F800390B79023BDBB2012BF0D833
:10672000D0F8003943F08053C0F80039E9E7D0F8D9
:10673000003B43F08053C0F8003BE2E7D0F800385C
:1067400023F4FE63C0F80038D0F80038090101F4E2
:10675000FE610B43C0F8003800207047D0F8003EBF
:1067600023F00303C0F8003ED0F8043823F00203FE
:10677000C0F8043800207047D0F8003E23F003032F
:10678000C0F8003ED0F8043843F00203C0F80438E3
:10679000002070474269806910407047D0F818386F
:1067A00000F50060C0691840000C7047D0F8183838
:1067B00000F50060C069184080B2704700EB4111DD
:1067C000D1F8082B00F50060406910407047D0F800
:1067D0001028D0F8343801F00F0C23FA0CF3DB0149
:1067E000DBB2134300EB411000F5106080681840E5
:1067F0007047406900F00100704738B50546C3682E
:1068000023F0C043C360012913D019BBC36843F010
:106810008043C3600024012001F064F9013428465C
:10682000FFF7E7FF08B1312CF5D9322C14D0002046
:1068300038BDC36843F00053C3600024012001F059
:1068400051F901342846FFF7D4FF0128EDD0312C4F
:10685000F4D9EAE70120EBE70120E9E7D0F80039B5
:106860006FF30A03C0F80039D0F8043843F480739A
:10687000C0F804380020704710B4046C154B9C42DB
:1068800003D9D0F8003B002B16DB0024C0F8104BD6
:10689000D0F8104B44F40024C0F8104BD0F8104B43
:1068A00044F01804C0F8104BD0F8104B44F0C0442A
:1068B000C0F8104B012903D000205DF8044B70474D
:1068C000C0F8142BD0F8003B43F08023C0F8003B05
:1068D000F2E700BF0A30544F002800F0E08170B5A5
:1068E00082B00446036813F0010F3BD09F4B9B68B6
:1068F00003F00C03042B2CD09C4B9B6803F00C037F
:10690000082B21D06368B3F5803F4FD0B3F5A02F9B
:1069100052D0964B1A6822F480321A601A6822F418
:1069200080221A606368002B50D001F0D5F805462C
:106930008E4B1B6813F4003F14D101F0CDF8401BBF
:106940006428F5D90320B1E1884B5B6813F4800F0C
:10695000D8D0864B1B6813F4003F03D06368002B2C
:1069600000F09F81236813F0020F54D07F4B9B6887
:1069700013F00C0F3ED07D4B9B6803F00C03082BEB
:1069800033D0E368002B68D0794B01221A6001F004
:10699000A3F80546754B1B6813F0020F54D101F0A4
:1069A0009BF8401B0228F5D903207FE16F4A13684A
:1069B00043F480331360B5E76C4B1A6842F48022CD
:1069C0001A601A6842F480321A60ABE701F084F86A
:1069D0000546664B1B6813F4003FC3D001F07CF8FA
:1069E000401B6428F5D9032060E1604B5B6813F419
:1069F000800FC6D15D4B1B6813F0020F03D0E36814
:106A0000012B40F05081594A136823F0F8032169A3
:106A100043EAC1031360236813F0080F42D063698F
:106A20006BB3534B0122C3F8802E01F055F8054695
:106A30004E4B5B6F13F0020F34D101F04DF8401B49
:106A40000228F5D9032031E1484A136823F0F803FE
:106A5000216943EAC1031360DDE7454B00221A6058
:106A600001F03AF80546414B1B6813F0020FD2D0F3
:106A700001F032F8401B0228F5D9032016E13C4B07
:106A80000022C3F8802E01F027F80546374B5B6FD4
:106A900013F0020F06D001F01FF8401B0228F5D9B1
:106AA000032003E1236813F0040F77D02F4B1B6CF6
:106AB00013F0805F33D1002301932C4B1A6C42F00A
:106AC00080521A641B6C03F080530193019B0125D3
:106AD000284B1B6813F4807F23D0A368012B34D08C
:106AE000052B38D0214B1A6F22F001021A671A6F5A
:106AF00022F004021A67A368002B3DD000F0ECFFDF
:106B000006461A4B1B6F13F0020F46D100F0E4FF4C
:106B1000801B41F288339842F3D90320C6E0002558
:106B2000D6E7144A136843F48073136000F0D4FF6F
:106B30000646104B1B6813F4807FCED100F0CCFFCB
:106B4000801B0228F5D90320B0E0084A136F43F0F8
:106B500001031367CFE7054B1A6F42F004021A676F
:106B60001A6F42F001021A67C5E700BF0038024001
:106B7000000047420070004000F0AEFF0646524B56
:106B80001B6F13F0020F08D000F0A6FF801B41F22C
:106B900088339842F3D9032088E0EDB9A369002B2C
:106BA00000F08380484A926802F00C02082A51D013
:106BB000022B17D0454B00221A6600F08DFF0446C9
:106BC000414B1B6813F0007F42D000F085FF001B93
:106BD0000228F5D9032069E03B4A136C23F0805367
:106BE0001364DBE7394B00221A6600F075FF054697
:106BF000354B1B6813F0007F06D000F06DFF401B83
:106C00000228F5D9032051E0E369226A1343626A3E
:106C100043EA8213A26A5208013A43EA0243E26A53
:106C200043EA0263284A5360284B01221A6600F0A7
:106C300053FF0446244B1B6813F0007F06D100F07D
:106C40004BFF001B0228F5D903202FE000202DE088
:106C500000202BE0012B2BD01B4B5B6803F4800141
:106C6000E269914226D103F03F02216A8A4223D190
:106C7000616A47F6C0721A40B2EB811F1ED103F45D
:106C80004031A26A5208013AB1EB024F18D103F029
:106C90007063E26AB3EB026F14D1002006E00120BA
:106CA0007047012002E0012000E0002002B070BD2A
:106CB0000120FBE70120F9E70120F7E70120F5E7D4
:106CC0000120F3E70120F1E70038024000004742CD
:106CD00008B5264B9B6803F00C03042B41D0082B0E
:106CE00041D1224B5A6802F03F025B6813F4800FD7
:106CF00012D01E4B5968C1F388111D480023A1FB17
:106D00000001FCF7CFF9194B5B68C3F30143013372
:106D10005B00B0FBF3F008BD144B5868C0F388105B
:106D20004FEA401CBCEB000C6EEB0E0E4FEA8E13CC
:106D300043EA9C634FEA8C11B1EB0C0163EB0E0349
:106D4000DB0043EA5173C90011EB000C43F100036F
:106D5000990200234FEA8C2041EA9C51FCF7A2F9EA
:106D6000D1E70348D7E70348D5E700BF0038024022
:106D7000001BB7000024F400002800F09B8070B5D1
:106D80000D4604464F4B1B6803F007038B4208D2A5
:106D9000CBB24C4A1370136803F007038B4240F0E8
:106DA0008B80236813F0020F17D013F0040F04D068
:106DB000454A936843F4E0539360236813F0080F47
:106DC00004D0414A936843F4604393603E4A936819
:106DD00023F0F003A1680B439360236813F0010FC5
:106DE00032D06368012B21D09A1E012A25D9364A58
:106DF000126812F0020F61D033498A6822F0030250
:106E000013438B6000F068FE06462F4B9B6803F02F
:106E10000C036268B3EB820F16D000F05DFE801B9E
:106E200041F288339842F0D9032042E0264A1268A2
:106E300012F4003FE0D101203BE0234A126812F037
:106E4000007FD9D1012034E01E4B1B6803F00703FB
:106E5000AB4207D9EAB21B4B1A701B6803F0070359
:106E6000AB422DD1236813F0040F06D0164A936865
:106E700023F4E053E1680B439360236813F0080F99
:106E800007D0114A936823F46043216943EAC103A0
:106E90009360FFF71DFF0C4B9B68C3F303130B4A72
:106EA000D35CD8400A4B18600A4B1868FEF71CF8F0
:106EB000002070BD012070470120FAE70120F8E7AB
:106EC0000120F6E7003C024000380240605801080B
:106ED000BC000020B8000020014B1868704700BFBC
:106EE000BC00002008B5FFF7F7FF044B9B68C3F315
:106EF0008223034AD35CD84008BD00BF003802405B
:106F00005858010808B5FFF7E7FF044B9B68C3F327
:106F10004233034AD35CD84008BD00BF003802406A
:106F2000585801080F2303600B4B9A6802F00302C4
:106F300042609A6802F0F00282609A6802F4E052BD
:106F4000C2609B68DB0803F4E0530361034B1B68DA
:106F500003F007030B60704700380240003C02401A
:106F600030B583B00446036813F0050F06D12368DB
:106F700013F0020F2ED1002003B030BD4A4B002287
:106F80009A6600F0A9FD0546484B1B6813F0006F98
:106F900006D000F0A1FD431B022BF5D90320EBE73F
:106FA0006268A3681B0743EA8213404AC2F8843030
:106FB0003D4B01229A6600F08FFD05463B4B1B6856
:106FC00013F0006FD3D100F087FD431B022BF5D9DE
:106FD0000320D1E700230193344B1A6C42F0805216
:106FE0001A641B6C03F080530193019B304A1368B1
:106FF00043F48073136000F06FFD05462C4B1B6853
:1070000013F4807F06D100F067FD431B022BF5D9F6
:107010000320B1E7254B1B6F13F4407314D0E268D3
:1070200002F440729A420FD0204B1A6F22F4407241
:107030001D490120C1F8400E0020C1F8400E1A671A
:107040001B6F13F0010F13D1E36803F44072B2F524
:10705000407F1ED0154A936823F4F81393601349B8
:107060000B6FE268C2F30B0213430B67002083E748
:1070700000F032FD05460D4B1B6F13F0020FE3D1FC
:1070800000F02AFD401B41F288339842F3D90320D7
:1070900072E706498A6822F4F81223F0704323F459
:1070A000407313438B60DAE7000047420038024028
:1070B00000700040204BDB6813F0100F07D01F4A10
:1070C000D36943F01003D3611B4B1022DA601A4BD3
:1070D000DB6813F0200F07D0184AD36943F0080388
:1070E000D361154B2022DA60134BDB6813F0400F9D
:1070F00007D0124AD36943F00403D3610E4B4022F8
:10710000DA600D4BDB6813F0800F07D00B4AD369B0
:1071100043F00203D361084B8022DA60064BDB6840
:1071200013F0020F07D0054AD36943F02003D3615F
:10713000014B0222DA607047003C02408435002097
:107140007047704710B53A4BDB6813F0F20F13D05D
:10715000384B1B78DBB2012B3BD0364B1B78DBB2B4
:10716000022B3CD0334B5C69FFF7A4FF2046FFF7AE
:10717000E8FF304B00221A702D4BDB6813F0010F33
:1071800013D02B4B0122DA602A4B1B78DBB29342DF
:1071900028D0284B1B78DBB2022B41D0254B5869F5
:1071A000FFF7CEFF234B00221A70224B1B787BB9CE
:1071B0001F4B1A6922F0FF021A611A6922F08072CD
:1071C0001A611A6922F000721A611A4B00221A76AB
:1071D00010BD184BDC684FF0FF32DA60C4E7154B86
:1071E0001C69C1E7134B5A68013A5A605B685BB18E
:1071F000104CE068FFF7A4FFE3680133E360E06848
:10720000217A00F019F8D0E70A4B4FF0FF34DC6028
:1072100000221A7000F036F82046FFF791FFC4E70D
:1072200000F030F8034B1869FFF78AFFBAE700BF98
:10723000003C024084350020012905D0022906D0F7
:1072400039B14FF4407104E04FF4807101E04FF424
:1072500000710B4B1A6922F440721A611A690A43D1
:107260001A611A6922F0F8021A611A6942EAC0002A
:1072700040F0020018611A6942F480321A617047C6
:10728000003C0240164B1B6813F4007F10D0144BD7
:107290001A6822F400721A601A6842F400621A60D6
:1072A0001A6822F400621A601A6842F400721A60C6
:1072B0000B4B1B6813F4806F10D0094B1A6822F433
:1072C00080621A601A6842F480521A601A6822F4C6
:1072D00080521A601A6842F480621A60704700BFD8
:1072E000003C024000230F2B00F2E98070B582B011
:1072F00065E085684FEA430E032404FA0EF425EA9C
:107300000405CC6804FA0EF42C438460446824EA33
:1073100002044A68C2F300129A40224342605CE0D1
:10732000DC08083450F8242003F00705AD004FF0C6
:107330000F0E0EFA05FE22EA0E0E0A69AA4042EA74
:107340000E0240F824205CE0072200E0002202FA4E
:107350000EF22A4302345A4D45F82420594A9468C3
:107360006FEA0C0224EA0C054E6816F4801F01D067
:107370004CEA0405534CA560E46802EA04054E6833
:1073800016F4001F01D04CEA04054E4CE560646819
:1073900002EA04054E6816F4003F01D04CEA0405E9
:1073A000484C6560246822404D6815F4803F01D048
:1073B0004CEA0402434C226001330F2B7DD801229A
:1073C0009A400C6804EA020C32EA0404F4D14C68D6
:1073D00004F00304013C012C8BD94A6802F003023B
:1073E000032A09D0C4685D000322AA4024EA0204EB
:1073F0008A68AA402243C2604A6802F00302022A55
:107400008ED004684FEA430E032202FA0EF224EAF9
:1074100002044A6802F0030202FA0EF222430260FA
:107420004A6812F4403FC7D000220192264A546CA9
:1074300044F480445464526C02F480420192019AF4
:107440009C08A51C1E4A52F8255003F0030E4FEA73
:107450008E0E0F2202FA0EF225EA02051B4A904216
:107460003FF474AF02F5806290421AD002F5806258
:10747000904218D002F58062904216D002F58062E8
:10748000904214D002F58062904212D002F58062E0
:10749000904210D002F5806290423FF455AF08222E
:1074A00055E7012253E7022251E703224FE7042266
:1074B0004DE705224BE7062249E702B070BD704751
:1074C00000380140003C014000380240000002400A
:1074D0000AB18161704709048161704708B5054BA5
:1074E0005B69034200D108BD024B586106F0D0F938
:1074F000F9E700BF003C014030B405682C6824F473
:1075000080242C60046863608368402B05D0036886
:1075100099600368DA6030BC704703689A6003685A
:10752000D960F8E710B40368D9B210390A4AA2FB4F
:1075300001421209094CA25CC2655F2907D96FF3A9
:10754000090304338365806D5DF8044B70476FF366
:1075500009038365F7E700BFABAAAAAA5058010840
:10756000836A826992B9012B0AD0022B02D00BB137
:1075700000207047C36A13F0807F28D10020704735
:10758000C36AB3F1C07F24D000207047B2F5005F1A
:1075900009D0022B25D9032B25D1C36A13F0807F94
:1075A00023D100207047032B03D8DFE803F0140435
:1075B000140A00207047C36A13F0807F0DD10020A9
:1075C0007047C36AB3F1C07F09D000207047012023
:1075D000704701207047012070470120704701204B
:1075E000704701207047002070470120704700005D
:1075F00070B5044600F070FA002C5BD005460223FB
:1076000084F83530002384F834302268136823F07E
:107610000103136023681A6812F0010F0AD000F00A
:107620005BFA431B052BF5D920236365032084F8FF
:10763000350070BD1A68204911406268A068024395
:10764000E06802432069024360690243A069024383
:10765000E0690243206A02430A43616A04291ED09A
:107660001A602668756925F00705636A1D43042BB7
:1076700007D1A36A1D43E36A1BB12046FFF770FFE1
:1076800090B975612046FFF74DFFE26D3F239340AF
:10769000836000206065012384F83530C9E7E16A22
:1076A000206B01430A43DBE740236365012084F834
:1076B0003500BEE70120BCE73F8010F038B5044636
:1076C000856D90F8340001282BD0012084F8340017
:1076D00094F83500C0B2012804D0002384F8343077
:1076E000022038BD022084F8350000206065204665
:1076F000FFF702FFE26D3F239340AB6022681368FF
:1077000043F016031360236C23B12268136843F01F
:10771000080313602268136843F00103136000201C
:10772000DFE70220DDE770B50446866D00F0D4F98E
:1077300094F83530DBB2022B06D08023636500233A
:1077400084F83430012070BD05462268136823F0A8
:10775000160313602268536923F080035361236C7E
:10776000E3B12268136823F00803136022681368EA
:1077700023F00103136023681B6813F0010F11D07D
:1077800000F0AAF9431B052BF5D9202363650320DC
:1077900084F83500002384F83430D4E7A36C002B40
:1077A000DFD1E3E7E26D3F239340B360012384F828
:1077B0003530002084F83400C5E790F83530DBB26E
:1077C000022B03D08023436501207047052380F8F6
:1077D00035300268136823F00103136000207047FE
:1077E000F0B583B0044600230193724B1D68724BC1
:1077F000A3FB0535AD0A876D3E68C26D0823934033
:10780000334210D003681A6812F0040F0BD01A68C4
:1078100022F004021A60C26D08239340BB60436DDE
:1078200043F001034365E26D01239340334209D0E5
:107830002268526912F0800F04D0BB60636D43F080
:1078400002036365E26D04239340334209D022684A
:10785000126812F0020F04D0BB60636D43F00403A2
:107860006365E26D10239340334224D0226812688E
:1078700012F0080F1FD0BB6023681A6812F4802F23
:107880000DD01B6813F4002F04D1236C9BB120464C
:10789000984710E0A36C73B1204698470BE01A6834
:1078A00012F4807F03D11A6822F008021A60236C58
:1078B0000BB120469847E26D20239340334255D0C8
:1078C0002268126812F0100F50D0BB6094F8353067
:1078D000DBB2052B0ED023681A6812F4802F33D048
:1078E0001B6813F4002F2AD1636C002B3ED0204676
:1078F00098473BE02268136823F016031360226860
:10790000536923F080035361236CA3B12268136889
:1079100023F008031360E26D3F239340BB60012313
:1079200084F83530002384F83430236D002B3FD0A9
:10793000204698473CE0A36C002BE7D1EBE7E36BD4
:10794000A3B12046984711E01A6812F4807F09D14C
:107950001A6822F010021A60012384F835300023DF
:1079600084F83430E36B0BB120469847636DFBB16C
:10797000636D13F0010F17D0052384F835302268AA
:10798000136823F001031360019B01330193AB42A1
:1079900004D823681B6813F0010FF5D1012384F884
:1079A0003530002384F83430E36C0BB1204698471F
:1079B00003B0F0BDBC000020B5814E1B90F835002F
:1079C00070470000002808DB0901C9B200F16040DF
:1079D00000F5614080F80013704700F00F000901C6
:1079E000C9B2014B1954704714ED00E000B500F026
:1079F0000700C0F1070CBCF1040F28BF4FF0040CC6
:107A0000031D062B0FD9C31E4FF0FF3E0EFA0CF0DC
:107A100021EA000199400EFA03FE22EA0E0241EA31
:107A200002005DF804FB0023EEE70000074AD3687C
:107A300023F4E0631B041B0C000200F4E06003432A
:107A400043F0BF6343F40033D360704700ED00E0C0
:107A500010B50446054BD868C0F30220FFF7C6FFF7
:107A600001462046FFF7AEFF10BD00BF00ED00E06D
:107A7000002807DB00F01F02400901239340024A5F
:107A800042F82030704700BF00E100E008B50B4B22
:107A90001A6842F400721A601A6842F480621A602E
:107AA0001A6842F480721A600320FFF7BFFF0F20AC
:107AB000FDF71AFAFDF7EEF9002008BD003C024080
:107AC000034A1168034B1B780B441360704700BFD7
:107AD000A4350020B4000020014B1868704700BF97
:107AE000A435002038B50446FFF7F6FF0546B4F18B
:107AF000FF3F02D0044B1B781C44FFF7EDFF401BF7
:107B0000A042FAD338BD00BFB40000204A4B5A68E7
:107B100022F440325A605A6841680A435A60026847
:107B2000536823F48073536002685368016943EA21
:107B3000012353600268536823F040735360026866
:107B4000536881680B4353600268936823F40063B1
:107B5000936002689368C1680B439360826A374BF5
:107B60009A4257D00268936823F07063936002686A
:107B70009368816A0B4393600268936823F04053D3
:107B8000936002689368C16A0B43936002689368CC
:107B900023F00203936002689368017E43EA410385
:107BA000936090F82030002B3FD00268536843F474
:107BB000006353600268536823F4604353600168B4
:107BC0004B68426A013A43EA42334B600268D36A27
:107BD00023F47003D3620168CB6AC269013A43EAB5
:107BE0000253CB620268936823F4007393600268C7
:107BF000936890F8301043EA4123936002689368D9
:107C000023F48063936002689368416943EA8123A7
:107C1000936070470268936823F070639360026812
:107C2000936823F040539360B0E70268536823F4ED
:107C300000635360CAE700BF002301400100000F4A
:107C400038B310B50446036C43B1236C13F0100F26
:107C50000BD00120002384F83C3010BDFBF732FC30
:107C60000023636484F83C30EFE7236C23F48853EB
:107C700023F0020343F0020323642046FFF746FF8C
:107C800000206064236C23F0030343F001032364AA
:107C9000E0E701207047000030B482B0002201927A
:107CA00090F83C20012A00F0B6800346012280F8BB
:107CB0003C200A68092A40D90468E06892B202EBC5
:107CC00042021E3A4FF0070C0CFA02F220EA0202BE
:107CD000E2601C68E0680A8802EB42021E3A8D6886
:107CE00005FA02F20243E2604A68062A3CD81C68A0
:107CF000606B02EB8202053A4FF01F0C0CFA02F2A5
:107D000020EA020262631C68606B4A6802EB82022E
:107D1000053AB1F800C00CFA02F202436263186837
:107D20003E4A904250D018683C4A904255D00020BC
:107D300083F83C0002B030BC70470468206992B2FE
:107D400002EB42024FF0070C0CFA02F220EA0202A8
:107D500022611C6820690A8802EB42028D6805FADC
:107D600002F202432261BFE70C2A16D81D68286B75
:107D700002EB8202233A1F2404FA02F220EA0202F2
:107D80002A631D68286B4A6802EB8202233A0C883A
:107D900004FA02F202432A63C1E71D68E86A02EBB3
:107DA0008202413A1F2404FA02F220EA0202EA6245
:107DB0001D68E86A4A6802EB8202413A0C8804FABC
:107DC00002F20243EA62AAE70A68122AABD1144817
:107DD000426842F480024260A5E70A68103A012A2C
:107DE000A5D80F48426842F4000242600A68102A8F
:107DF0009DD10C4A12680C49A1FB0212920C02EBB5
:107E000082025200019202E0019A013A0192019A23
:107E1000002AF9D18BE702208CE700BF0020014047
:107E200000230140BC00002083DE1B43002800F03B
:107E3000A18038B5044690F82030D3B12268136889
:107E400043F001031360FFF747FE054623685A68B5
:107E500012F0010F10D1FFF73FFE401B0A28F5D9A1
:107E6000636A43F400336362052384F82030012001
:107E700038BDFBF783FBE1E71A6822F002021A60C3
:107E8000FFF72AFE054623685A6812F0020F0DD04C
:107E9000FFF722FE401B0A28F5D9636A43F400333A
:107EA0006362052384F820300120E1E7227E012A65
:107EB0003DD01A6822F080021A60637E012B3BD00D
:107EC0002268136823F040031360A37E012B39D08E
:107ED0002268136823F020031360E37E012B37D060
:107EE0002268136843F010031360237F012B35D001
:107EF0002268136823F008031360637F012B33D0DB
:107F00002268136823F004031360A368E268134334
:107F100022691343626913436268013A216813437B
:107F2000CB6100206062012384F82030A0E71A684A
:107F300042F080021A60C0E72268136843F04003F1
:107F40001360C2E72268136843F020031360C4E79C
:107F50002268136823F010031360C6E722681368D1
:107F600043F008031360C8E72268136843F0040372
:107F70001360CAE70120704790F82030013BDBB264
:107F8000012B05D9436A43F48023436201207047E3
:107F900030B5464BD3F8002242F00102C3F800226C
:107FA000D3F8002222F47C52C3F80022D3F8002236
:107FB000486A42EA0022C3F800224A6902F01F021E
:107FC000012000FA02F2D3F81C026FEA020C20EA48
:107FD0000200C3F81C02CB69C3B9344BD3F80C02BE
:107FE0000CEA0000C3F80C028C884869CD6844EAAA
:107FF0000544483043F830408C68088840EA044023
:108000004C6904F1480E03EBCE035860CB69012B99
:108010001ED08B69002B33D12448D0F804320CEAEF
:108020000303C0F804320B698BBB2048D0F814322C
:108030000CEA0303C0F814320B6A012B2ED01B4A42
:10804000D2F8003223F00103C2F80032002030BD24
:10805000164BD3F80C021043C3F80C028C88486905
:108060000D6844EA0544483043F8304088894C693B
:108070008D6840EA0540483403EBC4035860C8E704
:108080000A48D0F804321343C0F80432CBE707485B
:10809000D0F814321343C0F81432CDE70349D1F8B5
:1080A0001C321343C1F81C32C9E700BF0064004012
:1080B00070B5044690F82050EDB2012D06D0436A09
:1080C00043F4002343620125284670BD022380F853
:1080D00020300268136823F001031360FFF7FCFCF3
:1080E000064623685B6813F0010F0CD0FFF7F4FC21
:1080F000831B0A2BF5D9636A43F4003363620523BB
:1081000084F82030E0E700256562DDE730B590F8BF
:1081100020C00468A4680CF1FF3C5FFA8CFCBCF141
:10812000010F6BD814F0E05F62D0C4F3016CBCF1B6
:10813000020F05D9436A43F400034362012062E061
:10814000012404FA0CF41C608B68002B3DD10D68EF
:10815000CB68046843EA45550CF118031B01E55050
:1081600003680C690CF1180E03EB0E135C600B7DB9
:10817000012B35D0D17993791B0443EA01635179FE
:1081800043EA012314790168234301EB0C11C1F880
:108190008C31D17893781B0443EA0163517843EA28
:1081A0000123117802680B4302EB0C12C2F88831EC
:1081B00002680CF1180C4FEA0C1C52F80C3043F01A
:1081C000010342F80C3000201DE04C6843EAC40370
:1081D000CC6823430CF11804240105682B51BFE738
:1081E000036803EB0E13596841F480715960C1E7CD
:1081F000436A43F400134362012004E0436A43F4FA
:1082000080234362012030BD90F82030013BDBB277
:10821000012B01D9002070470368986810F0806036
:1082200000D001209A6812F0006F00D001309B68E6
:1082300013F0805FEFD00130704790F820C00CF150
:10824000FF3C5FFA8CFCBCF1010F00F2958030B46A
:1082500051B90468E46814F0030F10D1436A43F481
:1082600000134362012077E00468246914F0030FCF
:1082700005D1436A43F40013436201206CE001F12D
:108280001B04240105682C5904F004049460002C9C
:1082900064D101F11B04240105682C59640D14609C
:1082A000046801F11B0C4FEA0C1C54F80C4004F05C
:1082B0000204D46004686444646804F00F04146128
:1082C000046864446468C4F30724946104686444E3
:1082D0006468240C5461026802EB0112D2F8B821E0
:1082E0001A70026802EB0112D2F8B821C2F3072219
:1082F0005A70026802EB0112D2F8B821C2F30742A9
:108300009A70026802EB0112D2F8B821120EDA70EC
:10831000026802EB0112D2F8BC211A71026802EB6A
:108320000112D2F8BC21C2F307225A71026802EB93
:108330000112D2F8BC21C2F307429A71026802EB23
:108340000112D2F8BC21120EDA7179B90268D36831
:1083500043F02003D360002030BC704701F11B04C0
:10836000240105682C59E408546099E702681369F0
:1083700043F020031361EEE7436A43F48023436232
:108380000120704790F82030013BDBB2012B01D96E
:108390000020704721B90368D86800F003007047D7
:1083A0000368186900F00300704790F82030013B23
:1083B000DBB2012B05D9436A43F4802343620120D9
:1083C0007047026853690B43536100207047704740
:1083D00070477047704770477047704770477047E5
:1083E000704770472DE9F84F054603685C69D3F87C
:1083F00004809F68D3F80CA0D3F81090D3F818B07D
:1084000014F001063BD017F0010616D001229A6045
:1084100017F0020F08D117F0040F0CD117F008065F
:1084200006D04FF4805608E0FFF7D1FF002604E0A5
:10843000FFF7D0FF01E04FF4006617F4807F0DD006
:108440002B684FF480729A6017F4007F40F096809A
:1084500017F4806F00F0968046F4005617F4803FC2
:108460000DD02B684FF480329A6017F4003F40F033
:10847000938017F4802F00F0938046F4004614F0A8
:10848000080F07D01AF0100F04D046F400762B68BE
:108490001022DA6014F0040F03D01AF0080F40F035
:1084A000898014F0020F05D02B68DB6813F0030FEE
:1084B00040F0878014F0400F07D019F0100F04D05F
:1084C00046F480662B6810221A6114F0200F02D047
:1084D00019F0080F79D114F0100F04D02B681B6924
:1084E00013F0030F78D114F4003F02D018F0100FEE
:1084F00076D114F4803F02D018F0080F77D114F42D
:10850000004F37D018F0040F31D014F4807F04D01E
:108510001BF0010F01D046F0010614F4007F04D0D7
:108520001BF0020F01D046F0020614F4806F04D055
:108530001BF0040F01D046F0040614F4006F16D0AF
:108540001BF0700B13D0BBF1400F66D056D8BBF1B7
:10855000200F5CD0BBF1300F5CD0BBF1100F01D10C
:1085600046F008062A68936923F0700393612B682C
:1085700004225A60002E56D1BDE8F88F2846FFF736
:1085800027FF6BE717F4006F02D046F4804665E7DB
:108590002846FFF720FF61E72846FFF71AFF6EE73E
:1085A00017F4002F02D046F4803668E72846FFF71C
:1085B00013FF64E72B680822DA602846FFF70DFFF7
:1085C0006FE7284605F0D4FA74E72B6808221A6191
:1085D0002846FFF703FF7EE7284605F0CEFA82E73C
:1085E0002B6810225A602846FFF7F9FE81E72B68B6
:1085F00008225A602846FFF7F3FE80E7BBF1500FD0
:108600000ED0BBF1600FADD146F48076AAE746F0FC
:108610001006A7E746F02006A4E746F04006A1E7CB
:1086200046F080069EE76B6A33436B622846FFF78D
:10863000D8FEA1E758B110B5044643791BB1012318
:108640006371002010BD0371FBF748F8F7E70120C4
:10865000704770B110B50446037933B1022323711A
:10866000002020610123237110BD4371FBF770F8D6
:10867000F4E701207047034608465979012924D0C0
:1086800010B54FF0010E83F805E0022119711C6846
:10869000216802F0100240F6FE7C0CFA02FC21EA8E
:1086A0000C0C016840680143914041EA0C012160D3
:1086B0001C682168C02000FA02F221EA020222604E
:1086C00083F804E00020587110BD0220704790F834
:1086D0003E30DBB2402B10D00369B3F5804F1BD086
:1086E000036D002B39D1436CC3F3C813026803F048
:1086F000060343F0F00313617047036D2BB9436C1D
:10870000026803F0FE0313617047436C026843F094
:108710000103DBB21361704790F83D30DBB2212BCF
:108720000FD0436C026843F00103DBB21361436B6B
:108730006BB1DB6B5BB10268536843F40063536059
:108740007047436C026803F0FE031361EFE7836B2D
:1087500033B1DB6B002BEED102E0036D012B00D0B7
:108760007047436CC3F3C813026803F0060343F079
:10877000F1031361F4E7436C0268DBB21361436BEE
:108780003BB1DB6B2BB10268536843F40063536069
:108790007047836B002BFBD0DB6B002BF3D1F7E72B
:1087A00010B48BB090F83E30DAB2C16A046B90F826
:1087B0003D30DBB2222B0BD00023099303685A69AA
:1087C00009929B690993099B0BB05DF8044B7047B4
:1087D000036D0BB9402A17D0036D1BB90369B3F5BC
:1087E000404F19D0438D9BB2002B25D102930368D3
:1087F0005A6902929A690292029A1A6842F40072C5
:108800001A6000230365DFE7009303685A6900924A
:108810009B690093009BD7E70023019303685A6983
:1088200001929A690192019A1A6842F480721A6060
:10883000036D01330365C7E7438D9BB2012B26D03F
:10884000438D9BB2022B7CD00268136843F4806393
:10885000136003685A6812F4006F0FD0202900F2E9
:10886000AE800829C0F0A7800839574ACA4012F0E4
:10887000010F03D05A6842F480525A6000230893D3
:1088800003685A6908929B690893089BB9E711F538
:10889000803F11D0082934D0202932D0122C2ED07C
:1088A000042940D002293ED010293CD00268136828
:1088B00023F4806313603BE00268136823F4806351
:1088C000136003685A6812F4006F0CD01A6822F41F
:1088D00080621A600023039303685A6903929B69BC
:1088E0000393039B8DE7002204925A6904929A69CC
:1088F0000492049A1A6842F400721A6081E701290E
:10890000D0D00268136823F48063136000230693B9
:1089100003685A6906929A690692069A1A6842F49E
:1089200000721A606DE70268136843F48063136095
:108930000023059303685A6905929B690593059B7B
:108940005FE710290AD8214BCB4013F0010F05D067
:108950000268136843F48063136009E002681368D7
:1089600023F4806313600268136843F400631360A8
:1089700003685A6812F4006F0DD0202917D808290F
:1089800012D30839104ACA4012F0010F03D05A68B6
:1089900042F480525A600023079303685A69079291
:1089A0009B690793079B2CE70129F4D1EFE711F5A9
:1089B000803FF0D1EBE701297FF460AF5AE711F572
:1089C000803F7FF45BAF55E7010100011400010017
:1089D000438D9BB25BB1426A036812781A61436AA5
:1089E00001334362438D9BB2013B9BB24385704789
:1089F000438D9BB25BB103681A69436A1A70436A7C
:108A000001334362438D9BB2013B9BB24385704768
:108A100082B0002301930E4B1B68DB080D4AA2FBBA
:108A200003231B0A03EB83030193019B013B019387
:108A3000019B33B103681B6813F4007FF5D100205C
:108A400004E0036C43F020030364012002B070478C
:108A5000BC00002089B5F814C36AB3F52A0F04D00E
:108A6000C36AB3F12A4F03D070470123C362704732
:108A70000823C362F8E70000002800F0CC8070B53E
:108A8000044690F83D30002B77D0242384F83D3005
:108A90002268136823F0010313602268136843F40B
:108AA000004313602268136823F400431360FEF749
:108AB00019FA62685A4B9A4264D85A4B98428CBF52
:108AC00000230123002B40F0A8805749A1FB00316F
:108AD0008B0C25686A6822F03F0242EA91426A6084
:108AE00021680A6A22F03F0266684D4DAE424FD8B7
:108AF000013313430B622168CA6922F44F4222F00A
:108B0000FF026568464B9D424CD8431E6D00B3FB87
:108B1000F5F3013340F6FC70034278D0C3F30B0346
:108B20001A43CA6121680B6823F0C003E269206A16
:108B3000024313430B6021688B6823F4034323F043
:108B4000FF032269E068024313438B602168CB680E
:108B500023F0FF036269A06902431343CB602268DC
:108B6000136843F00103136000202064202384F87D
:108B70003D30206384F83E0070BD80F83C30FAF749
:108B8000BBFE82E7294B98428CBF0023012399E763
:108B90004FF4967505FB03F3254DA5FB03539B0985
:108BA0000133A6E7A668BEB9431E05EB450CB3FB2F
:108BB000FCF30133C3F30B03B3FA83F35B0943BB49
:108BC000C6B9431E05EB4505B3FBF5F30133C3F30B
:108BD0000B0343F40043A3E7431E05EB850C0CEBAA
:108BE0008C0CB3FBFCF30133C3F30B03B3FA83F335
:108BF0005B09E4E7431E05EB850505EB8505B3FB43
:108C0000F5F30133C3F30B0343F4404388E7042334
:108C100086E7012384E7012070470120ACE700BF0D
:108C2000A08601007F841E0083DE1B43FF083D00F9
:108C3000D34D62107047704708B590F83D30DAB2F6
:108C4000438D9BB283B1416A036809781961436A15
:108C500001334362438D9BB2013B9BB24385438DFD
:108C60009BB20BB9292A00D008BD0268536823F4CF
:108C70008063536021230363282380F83D30FFF78E
:108C8000DAFFF1E7704708B590F83D30DAB2438D6E
:108C90009BB283B103681969436A1970436A01334F
:108CA0004362438D9BB2013B9BB24385438D9BB294
:108CB0000BB92A2A00D008BD0268536823F48063E8
:108CC000536022230363282380F83D30FFF7DAFF47
:108CD000F1E7704700B583B090F83D3003F028030A
:108CE000282B0CD0002301930268516901919269ED
:108CF0000192019A80F83C3003B05DF804FB0268F1
:108D0000536823F48063536011F0040F0BD00023E9
:108D100011F0800F09D18289002180F83C1019469A
:108D2000FFF7D7FFE8E70123F2E7028BF4E770478C
:108D300008B590F83D30DBB2C26A082A01D0202A7B
:108D400001D1282B06D0212B1ED003686FF480623E
:108D50005A6108BD1A4BC3620268536823F4E0638A
:108D6000536003686FF480625A610268136823F4E9
:108D70008063136000230363202280F83D2080F885
:108D80003E30FFF7D4FFE4E70D4BC36221230363BA
:108D9000202380F83D30002380F83E30026853687D
:108DA00023F4E063536003686FF480625A610268E1
:108DB000136823F480631360FFF73DFFC9E700BF2A
:108DC0000000FFFF704708B5C26A90F83D30DBB283
:108DD000212B00D008BD438D9BB263B1426A03686A
:108DE00012781A61436A01334362438D9BB2013B9F
:108DF0009BB24385EEE7082A04D0202A02D012F560
:108E0000803F19D10268536823F4E063536002681D
:108E1000136843F40073136000230363202380F876
:108E20003D3090F83E30DBB2402B15D0002380F867
:108E30003E30FFF7FFFECDE70268536823F4E0639E
:108E4000536011230363002380F83E30202380F811
:108E50003D30FFF7EFFEBDE7002380F83E30FFF71F
:108E6000B1FFB7E708B590F83D30026D9AB9C36C11
:108E7000012B08D0836C0268C3F307231361036DD1
:108E80000133036508BD836C0268DBB21361036DB7
:108E900002330365F6E7DBB2026D012A23D0026DCF
:108EA000022AEFD1222B26D0428D92B20AB1212B79
:108EB0002AD0428D92B2002AE4D1212BE2D102685D
:108EC000536823F4E06353600268136843F400734B
:108ED000136000230363202280F83D2080F83E3099
:108EE000FFF770FFCEE7836C0268DBB21361036D9E
:108EF00001330365C6E70268136843F480731360A7
:108F0000036D01330365BDE7426A036812781A6195
:108F1000436A01334362438D9BB2013B9BB243855D
:108F2000B0E710B590F83D30DBB290F83E20D2B2F9
:108F3000C46A018D00293BD1212B02D0402A42D0A6
:108F400010BD082C04D0202C02D014F5803F19D17C
:108F50000268536823F4E06353600268136843F4C3
:108F60000073136000230363202380F83D3090F8E2
:108F70003E30DBB2402B15D0002380F83E30FFF7A7
:108F800059FEDDE70268536823F4E0635360112360
:108F90000363002380F83E30202380F83D30FFF744
:108FA00049FECDE7002380F83E30FFF70BFFC7E70F
:108FB000212BC3D1438D9BB243B90268536823F47C
:108FC00080635360BCE7222BBAD1F3E790F83E30C0
:108FD000DBB2402B0CD0426A036812781A61436AF4
:108FE00001334362438D9BB2013B9BB24385A7E7AC
:108FF000FFF738FFA4E708B5C26A438D9BB2042B84
:1090000014D0438D9BB2032B22D0438D9BB2022BF5
:1090100039D003681A69436A1A70436A013343629C
:10902000438D9BB2013B9BB2438510E002685368BD
:1090300023F48063536003681A69436A1A70436AB1
:1090400001334362438D9BB2013B9BB2438508BD14
:1090500001684B6823F480634B60042A06D0022A1F
:1090600004D00268136823F48063136003681A69EC
:10907000436A1A70436A01334362438D9BB2013BDA
:109080009BB24385E3E7013A0F2A40D8DFE802F0BC
:1090900008393F393F3F3F3F3F3F3F3F3F3F3F085A
:1090A0000268136823F48063136003681A69436AD3
:1090B0001A70426A531C4362438D9BB2013B9BB2C0
:1090C000438503681B695370436A01334362438DD0
:1090D0009BB2013B9BB243850268536823F4407303
:1090E0005360202380F83D3090F83E30DBB2402BB7
:1090F00013D0002380F83E301223036304F0E0FB1A
:10910000A5E70268136843F480631360CDE7026843
:10911000136843F400731360C7E7002380F83E3000
:10912000036304F0F7FB92E7704790F83D30DBB241
:10913000222B00D0704710B50446438D9BB2032B01
:1091400015D903681A69436A1A70436A0133436286
:10915000438D9BB2013B9BB24385438D9BB2032B56
:109160000FD10268536823F48063536009E0C26A38
:10917000022A01D0012B05D92268536823F48063A9
:10918000536010BDFFF744FC00282ED122681368FD
:1091900023F4806313602268536823F4E063536010
:1091A00023681A69636A1A70636A01336362638DA4
:1091B0009BB2013B9BB26385202384F83D3094F839
:1091C0003E30DBB2402B08D0002384F83E3012231F
:1091D0002363204604F074FBD3E7002384F83E3079
:1091E0002363204604F096FBCBE72268536823F400
:1091F000E063536023681A69636A1A70636A013313
:109200006362638D9BB2013B9BB26385202384F82C
:109210003D30002384F83E302046FFF785FFB0E75D
:109220007047000000B583B000230193806B90F875
:109230003D20D2B2324B1B68DB083249A1FB03133D
:109240001B0A03EB8303C3EBC3030193019B43B1ED
:10925000019B013B019303681B6813F4007FF5D168
:1092600003E0036C43F020030364436B0BB1002164
:10927000D963836B0BB10021D96301680B6823F4B8
:1092800080630B6000234385436B0BB1002119659C
:10929000836B0BB10021196501680B6823F0010392
:1092A0000B6090F83D30DBB2602B0ED002F028024C
:1092B000282A14D0202380F83D30002380F83E3047
:1092C000FFF732FF03B05DF804FB202380F83D3048
:1092D000002380F83E300364FFF7A2FFF2E7026844
:1092E000136843F0010313600268136843F480635A
:1092F000136000230363282380F83D30E0E700BFBC
:10930000BC00002089B5F81410B5044690F83D3033
:10931000DBB290F83E20D2B2102A36D0402A34D0A8
:1093200003F02802282A38D02268526812F4006F0D
:1093300007D1602B05D0202384F83D30002384F82A
:109340003E300023236323685A6812F4006F48D02C
:109350005A6822F400625A60626B92F83530DBB2D0
:10936000012B20D0444B1365606BFEF726FA0028D2
:1093700049D02268136823F001031360202384F886
:109380003D30606B036D98473DE0222BC8D12168CA
:109390000A6822F400620A60C2E7002323632823DC
:1093A00084F83D30CFE7A36B334A1A65A06BFEF714
:1093B00004FA40B323685A6912F0400F05D01A69C5
:1093C000636A1A70636A013363622268136823F068
:1093D00001031360202384F83D30A06B036D984790
:1093E00011E094F83D20D2B2602A1FD05A6912F0E1
:1093F000400F05D01A69636A1A70636A01336362A9
:109400002046FFF791FE236C13F00F0F04D0226863
:10941000536823F4E063536094F83D30DBB2226C70
:1094200012F0040F01D0282B18D010BD202284F890
:109430003D20002222645A6912F0400F05D01A69BB
:10944000636A1A70636A013363622268136823F0E7
:10945000010313602046FFF7E3FED4E7074BE36206
:1094600000232363202284F83D2084F83E302046E8
:10947000FFF75DFCD9E700BF259200080000FFFF61
:1094800030B583B0044690F83D50EDB202685368A1
:1094900023F4E06353600023019303685A69019247
:1094A0001A6842F001021A60019B0268136823F4F3
:1094B0008063136003685A6812F4006F38D0222D5D
:1094C00021D02A2D1FD0426B1268526892B2428579
:1094D000428D92B21AB1026C42F0040202645A68E0
:1094E00022F400625A60606BFEF768FA01281FD010
:1094F000636B444A1A65606BFEF75FF9C0B1606B3D
:10950000036D984714E0A26B1268526892B26285AC
:10951000628D92B21AB1226C42F0040222645A683F
:1095200022F400625A60A06BFEF748FA012842D18B
:10953000638D9BB233B323685A6912F0040F0AD0CB
:109540001A69636A1A70636A01336362638D9BB23E
:10955000013B9BB2638523685A6912F0400F0AD021
:109560001A69636A1A70636A01336362638D9BB21E
:10957000013B9BB26385638D9BB21BB1236C43F0AF
:1095800004032364236C13BB2A2D25D094F83D30AB
:10959000DBB2282B29D0236B222B01D0222D19D10D
:1095A00000232363202284F83D2084F83E302046A7
:1095B000FFF768FB0EE0A36B124A1A65A06BFEF77B
:1095C000FCF80028B4D0A06B036D9847B0E72046A4
:1095D000FFF79AFE03B030BD00232363282384F8ED
:1095E0003D302046FFF74EFBD0E7074BE3620023F8
:1095F0002363202284F83D2084F83E302046FFF784
:1096000096FBE7E7259200080000FFFFF8B5044647
:1096100002685568C66A90F83E30DBB290F83D109B
:10962000C8B2102B13D0402B11D0236C002B7AD052
:109630005369002113F0020F78D015F4007F75D024
:10964000236C03B191692046FFF744FBF8BDD2F8C3
:1096500018C0516911F0010705D1B6F52A0FF5D0F0
:10966000B6F12A4FF2D017B115F4007F29D111F0CD
:10967000080F02D015F4007F2AD111F0020F02D09A
:1096800015F4007F28D11CF0040F31D0526812F479
:10969000006FDBD111F0800F05D015F4806F02D080
:1096A00011F0040F1CD011F0040FCFD015F4007F7F
:1096B000CCD0212818D0402BC8D12046FFF7D2FBB0
:1096C000C4E72046FFF7C8F92046FFF700F8BDE7DA
:1096D0002046FFF750F8B9E72046FFF761F8B5E7F5
:1096E0002046FFF71EFCB1E72046FFF76CFBADE715
:1096F000536813F4006FA9D111F0400F05D015F491
:10970000806F02D011F0040F09D011F0040F9DD02A
:1097100015F4007F9AD02046FFF76DFC96E72046AF
:10972000FFF703FD92E79169536983E713F0100F88
:1097300002D015F4007F18D121281AD0292818D07A
:1097400013F0400F05D015F4806F02D013F0040F12
:1097500028D013F0040F3FF479AF15F4007F3FF4E5
:1097600075AF2046FFF744F970E72046FFF788FE03
:109770006CE713F0800F05D015F4806F02D013F062
:10978000040F0BD013F0040F3FF460AF15F4007F0B
:109790003FF45CAF2046FFF71BF957E72046FFF781
:1097A0004BFA53E72046FFF76EFA4FE7F8B5044649
:1097B00003685D695F6890F83E20D2B2C5F3002669
:1097C00015F4807F08D0C7F3002617F4807F03D0FC
:1097D0006FF480715961012615F4007F08D017F4E9
:1097E000807F05D046F0020623686FF4007159614E
:1097F00015F4806F19D017F4807F16D0638D99B25D
:1098000094F83D30DBB2206B202A1BD023686FF424
:109810008061596146F00406102A01D0402A04D123
:109820002268136843F40073136015F4006F17D0B7
:1098300017F4807F14D046F0080623686FF40062A6
:109840005A610EE00029E1D1212B05D0292B03D04C
:10985000282BDBD12128D9D12046FFF769FAE4E78C
:109860002EB1236C334323642046FFF74DFDF8BD32
:1098700098B110B5044643795BB102236371226845
:10988000136843F004031360012363710020A06098
:1098900010BD0371FAF71AF9EFE70120704738B5E8
:1098A00004460268D36823F0A003D360FEF714F9DE
:1098B00005462368DB6813F0200F07D1FEF70CF98B
:1098C000401BB0F57A7FF4D9032000E0002038BDBA
:1098D00070B50368DA6812F0400F02D00025284600
:1098E00070BD0446DA6842F08002DA60FEF7F4F8F0
:1098F000064600252368DB6813F0400FEFD1002DEA
:10990000EDD1FEF7E9F8831BB3F57A7FF2D9042392
:1099100063770125EEE70268D36823F08003D36004
:1099200003689B6813F0200F01D00020704710B52A
:109930000446FFF7B4FF10B104236377012010BD84
:10994000002842D010B50446437F7BB102236377E1
:109950002368CA225A62236853225A622046FFF7BC
:10996000B7FF38B12368FF225A6210BD0377FAF7B8
:10997000DFF8EBE72268936823F4E00323F0400369
:10998000936021688A6863682069034360690343C0
:1099900013438B602368E2681A6122681369A16827
:1099A00043EA014313612046FFF7B5FF0028D9D1F0
:1099B0002268136C23F4802313642268136CA1695A
:1099C0000B43136401236377CCE701207047000049
:1099D0002DE9F04782B00546884617461E46FEF739
:1099E0007BF80A9B1B1A03EB0609FEF775F8824603
:1099F000284B1B68C3F3CB3309FB03F301932B689C
:109A00009C6838EA04040CBF01230023BB423DD00C
:109A1000B6F1FF3FF3D0FEF75FF8A0EB0A00484530
:109A200007D2019A02B14A46019B013B019391463C
:109A3000E5E72A68536823F0E00353606B68B3F5E9
:109A4000827F0BD0AB6AB3F5005F14D0012385F899
:109A50005130002385F85030032018E0AB68B3F58F
:109A6000004F02D0B3F5806FECD12A68136823F061
:109A700040031360E6E72A68136823F40053136079
:109A80002A68136843F400531360DFE7002002B034
:109A9000BDE8F087BC00002010B584B00446164B2A
:109AA0001868164BA3FB0030400D4FF47A7303FB8C
:109AB00000F003906368B3F5827F0BD0039BBBB1CA
:109AC000039B013B039323689B6813F0800FF5D140
:109AD00000200EE000920B46002280212046FFF776
:109AE00077FF30B1636D43F020036365032000E02E
:109AF000002004B010BD00BFBC000020819F5E1696
:109B000000285AD010B50446436A33B94368B3F508
:109B1000827F05D00023C36102E00023036143611B
:109B20000023A36294F85130002B40D0022384F824
:109B300051302268136823F040031360636803F414
:109B40008273A26802F404421343E26802F40062E2
:109B50001343226902F002021343626902F0010218
:109B60001343A26902F400721343E26902F038025F
:109B70001343226A02F080021343A26A02F40052E5
:109B8000216813430B60638B03F00403626A02F0E5
:109B90001002216813434B602268D36923F40063E9
:109BA000D36100206065012384F8513010BD84F832
:109BB00050302046FAF728F8B8E7012070472DE921
:109BC000F04383B01F460A9D90F85030012B00F0FF
:109BD0001081044688469146012380F85030FDF7F5
:109BE0007BFF064694F85130DBB26268012B0AD045
:109BF000B2F5827F40F0E380A268002A40F0E9805D
:109C0000042B40F0E880B8F1000F00F0E680B9F1D5
:109C1000000F00F0E480002F00F0E38094F8513052
:109C2000DBB2042B02D0052384F851300023636596
:109C3000C4F83890E787A787C4F83080E786A786FE
:109C40002364636423681A6812F0400F03D11A6812
:109C500042F040021A60E368B3F5006F11D0636808
:109C60000BB1012F0BD1226B236812781A73236B6F
:109C700001332363E38E9BB2013B9BB2E386012752
:109C80006BE063680BB1012F0BD1226B2368128844
:109C9000DA60236B02332363E38E9BB2013B9BB2FA
:109CA000E38601271CE023689A6812F0010F0ED0AA
:109CB000E28F92B25AB1DA68A36B1A80A36B0233B7
:109CC000A363E38F9BB2013B9BB2E3870127FDF7C0
:109CD00003FF801BA84203D3B5F1FF3F40F0838010
:109CE000E38E9BB21BB9E38F9BB2002B53D023684A
:109CF0009A6812F0020FD6D0E28E92B2002AD2D029
:109D0000002FD0D0226B1288DA60236B02332363DA
:109D1000E38E9BB2013B9BB2E3860027C3E7236837
:109D20009A6812F0010F0ED0E28F92B25AB1DA683F
:109D3000A36B1A70A36B0133A363E38F9BB2013B48
:109D40009BB2E3870127FDF7C7FE831BAB4202D31B
:109D5000B5F1FF3F49D1002D49D0E38E9BB213B935
:109D6000E38F9BB2BBB123689A6812F0020FD6D082
:109D7000E28E92B2002AD2D0002FD0D0226B12787D
:109D80001A73236B01332363E38E9BB2013B9BB2B7
:109D9000E3860027C3E7324629462046FFF77CFECC
:109DA00048B9A36863B901932368DA6801929B6894
:109DB0000193019B04E020236365012000E0022061
:109DC000012384F85130002384F8503003B0BDE8FB
:109DD000F0830220F4E70220F2E70120F0E70120FF
:109DE000EEE70120ECE70320EAE70320E8E70320A1
:109DF000E6E70220EAE7704730B585B0044602681E
:109E000051689368C3F3801013F0400F05D113F02D
:109E1000010F02D011F0400F69D113F0020F02D0F0
:109E200011F0800F67D1C3F3401513F0200F03D159
:109E300010B913F4807F61D011F0200F5ED078B19B
:109E400094F85100C0B203285AD0606D40F004006D
:109E5000606500200090D0680090906800900098A5
:109E600065B1606D40F0010060650020029090686F
:109E70000290106820F040001060029A13F4807F76
:109E800009D0636D43F008036365002303932368DF
:109E90009B680393039B636D002B2FD0226853684C
:109EA00023F0E0035360012384F8513011F0030FD5
:109EB0002ED02268536823F003035360E36C4BB148
:109EC000154A1A65E06CFDF778FC18B1636D43F034
:109ED00040036365A36C8BB10F4A1A65A06CFDF754
:109EE0006CFC58B1636D43F04003636506E0236C7E
:109EF0002046984702E0636C2046984705B030BD85
:109F000000230193D368019393680193019BF5E7C4
:109F10002046FFF770FFF1E71D9F000808B5806B32
:109F20000023C387C386FFF766FF08BD30B4036A0A
:109F300023F001030362036A4268846924F0730C0E
:109F40000C6844EA0C0423F0020C8B6843EA0C030F
:109F5000114DA84203D005F58065A84205D123F034
:109F60000803CD682B4323F004030B4DA84203D014
:109F700005F58065A84207D122F440724D6945EA93
:109F8000020C8A6942EA0C02426084614A684263B8
:109F9000036230BC704700BF0000014030B4036A68
:109FA00023F480730362036A4268C46924F0730C6B
:109FB0000C6844EA0C0523F400738C6843EA04231C
:109FC000114CA04203D004F58064A04206D123F4D2
:109FD0000063CC6843EA042323F480630A4CA04264
:109FE00003D004F58064A04207D122F440524C69AA
:109FF00042EA04128C6942EA04124260C5614A686E
:10A00000C263036230BC70470000014030B4036A91
:10A0100023F480530362036A4468C26922F4E6426F
:10A020000D6842EA052223F400538D6843EA0533A4
:10A03000094DA84203D005F58065A84204D124F457
:10A0400080444D6944EA85144460C2614A680264F0
:10A05000036230BC704700BF0000014010B4036AC7
:10A06000046A24F001040462846924F0F00C4CEAD0
:10A07000021223F00A030B43826103625DF8044B72
:10A08000704710B4036A23F0100303628469036A03
:10A0900024F4704C4CEA023223F0A00343EA01138B
:10A0A000826103625DF8044B7047836823F070039C
:10A0B0000B4343F0070383607047000090F83D3086
:10A0C000DBB2012B37D1022380F83D300268D36820
:10A0D00043F00103D3600368194A934220D0B3F1DF
:10A0E000804F1DD0A2F57C42934219D002F58062C8
:10A0F000934215D002F58062934211D002F5784266
:10A1000093420DD002F57052934209D0A2F59432D9
:10A11000934205D01A6842F001021A60002070478D
:10A120009A6802F00702062A07D01A6842F0010274
:10A130001A6000207047012070470020704700BF60
:10A14000000001407047704770477047704710B576
:10A15000044603681A6912F0020F11D0DA6812F08F
:10A16000020F0DD06FF002021A610123037703681A
:10A170009B6913F0030F70D0FFF7E7FF00232377ED
:10A1800023681A6912F0040F12D0DA6812F0040F73
:10A190000ED06FF004021A610223237723689B69B3
:10A1A00013F4407F5FD02046FFF7CFFF00232377D3
:10A1B00023681A6912F0080F12D0DA6812F0080F3B
:10A1C0000ED06FF008021A61042323772368DB693D
:10A1D00013F0030F4ED02046FFF7B7FF002323777D
:10A1E00023681A6912F0100F12D0DA6812F0100FFB
:10A1F0000ED06FF010021A61082323772368DB6901
:10A2000013F4407F3DD02046FFF79FFF00232377C4
:10A2100023681A6912F0010F03D0DA6812F0010FF7
:10A2200036D123681A6912F0800F03D0DA6812F071
:10A23000800F34D123681A6912F0400F03D0DA6816
:10A2400012F0400F32D123681A6912F0200F03D0A8
:10A25000DA6812F0200F30D110BDFFF775FF2046ED
:10A2600003F05AFA8AE72046FFF76EFF204603F014
:10A2700053FA9BE72046FFF767FF204603F04CFAAE
:10A28000ACE72046FFF760FF204603F045FABDE744
:10A290006FF001021A612046F8F744FFC1E76FF042
:10A2A00080021A61204600F059FBC3E76FF04002BC
:10A2B0001A612046FFF74AFFC5E76FF020021A61D6
:10A2C000204600F04AFBC7E70368304A904212D0AC
:10A2D000B0F1804F0FD0A2F57C4290420BD002F536
:10A2E0008062904207D002F58062904203D002F56E
:10A2F0007842904203D123F070034A681343234A03
:10A3000090422AD0B0F1804F27D0A2F57C429042F3
:10A3100023D002F5806290421FD002F58062904205
:10A320001BD002F57842904217D002F5705290424D
:10A3300013D002F5806290420FD002F58062904205
:10A340000BD0A2F59832904207D002F5806290427D
:10A3500003D002F58062904203D123F44073CA68AF
:10A36000134323F080034A69134303608B68C3627D
:10A370000B688362054B984203D003F580639842D3
:10A3800001D10B6903630123436170470000014061
:10A3900040B310B5044690F83D30F3B1022384F881
:10A3A0003D30214651F8040BFFF78EFF012384F85E
:10A3B000463084F83E3084F83F3084F8403084F8EA
:10A3C000413084F8423084F8433084F8443084F8D3
:10A3D000453084F83D30002010BD80F83C30F9F75E
:10A3E000E9FCDBE70120704740B310B5044690F864
:10A3F0003D30F3B1022384F83D30214651F8040B7F
:10A40000FFF762FF012384F8463084F83E3084F879
:10A410003F3084F8403084F8413084F8423084F88A
:10A42000433084F8443084F8453084F83D300020CF
:10A4300010BD80F83C30FFF785FEDBE70120704758
:10A4400040B310B5044690F83D30F3B1022384F8D0
:10A450003D30214651F8040BFFF736FF012384F805
:10A46000463084F83E3084F83F3084F8403084F839
:10A47000413084F8423084F8433084F8443084F822
:10A48000453084F83D30002010BD80F83C30FFF7A7
:10A490005AFEDBE70120704730B4036A23F0100353
:10A4A0000362036A4468826922F4E6420D6842EA64
:10A4B000052223F020038D6843EA0513114DA842BD
:10A4C00003D005F58065A84206D123F08003CD684E
:10A4D00043EA051323F040030A4DA84203D005F5D3
:10A4E0008065A84207D124F440644D6944EA85049C
:10A4F0008D6944EA8504446082614A68826303622C
:10A5000030BC70470000014090F83C30012B28D04F
:10A5100010B50446012380F83C300C2A1CD8DFE833
:10A5200002F0071B1B1B0C1B1B1B111B1B1B16000C
:10A530000068FFF7FBFC00200FE00068FFF7ACFFAE
:10A5400000200AE00068FFF729FD002005E0006810
:10A55000FFF75CFD002000E00120002384F83C3080
:10A5600010BD0220704738B590F83C30012B66D002
:10A5700004460D46012380F83C300C2A5AD8DFE807
:10A5800002F0075959591B59595930595959440022
:10A590000068FFF7CBFC2268936943F008039361DE
:10A5A0002268936923F004039361226893692969FF
:10A5B0000B43936100203EE00068FFF76DFF2268C7
:10A5C000936943F4006393612268936923F4806381
:10A5D000936122689369296943EA0123936100200A
:10A5E00029E00068FFF7DAFC2268D36943F008032A
:10A5F000D3612268D36923F00403D3612268D3694D
:10A6000029690B43D361002015E00068FFF7FEFCC9
:10A610002268D36943F40063D3612268D36923F4C9
:10A620008063D3612268D369296943EA0123D36136
:10A63000002000E00120002384F83C3038BD0220D7
:10A64000FCE710B4846824F47F4C42EA03220A43F6
:10A6500042EA0C0282605DF8044B704790F83C308F
:10A66000012B78D010B50446012380F83C3002233A
:10A6700080F83D300268936823F47F4323F077032A
:10A6800093600B68602B4CD023D8402B54D011D84A
:10A69000202B03D00AD80BB1102B05D11946206806
:10A6A000FFF703FD002028E0012026E0302BF5D045
:10A6B000012022E0502B0AD1CA6849680068FFF7E0
:10A6C000CDFC50212068FFF7F0FC002015E00120B0
:10A6D00013E0B3F5805F3AD0B3F5005F14D0702B70
:10A6E00037D1CB684A6889680068FFF7AAFF2268FB
:10A6F000936843F0770393600020012384F83D3092
:10A70000002384F83C3010BDCB684A688968006833
:10A71000FFF797FF2268936843F48043936000201B
:10A72000EBE7CA6849680068FFF7ABFC6021206866
:10A73000FFF7BBFC0020E0E7CA6849680068FFF744
:10A740008DFC40212068FFF7B0FC0020D5E70020F9
:10A75000D3E70120D1E70220704701F01F014FF03D
:10A76000010C0CFA01FC036A23EA0C030362036A7E
:10A770008A4013430362704710B504460846002917
:10A7800042D194F83E30DBB2013B18BF0123002BCD
:10A790006ED1002851D1022384F83E3001220146B7
:10A7A0002068FFF7DAFF2368334A934203D002F5AB
:10A7B0008062934203D15A6C42F400425A64236887
:10A7C0002D4A934249D0B3F1804F46D0A2F57C4246
:10A7D000934242D002F5806293423ED002F58062FD
:10A7E00093423AD002F57842934236D002F5705245
:10A7F000934232D0A2F5943293422ED01A6842F09E
:10A8000001021A60002032E0042908D008290DD086
:10A8100094F84130DBB2013B18BF0123B7E794F84D
:10A820003F30DBB2013B18BF0123B0E794F8403062
:10A83000DBB2013B18BF0123A9E7042805D0082893
:10A8400007D0022384F84130A8E7022384F83F3080
:10A85000A4E7022384F84030A0E79A6802F00702D8
:10A86000062A07D01A6842F001021A60002010BDC3
:10A870000120FCE70020FAE70000014090F83C20AE
:10A88000012A3DD010B40346012280F83C20022268
:10A8900080F83D2002685068946820F0700C0868C9
:10A8A00040EA0C0050601A68164882421AD0B2F191
:10A8B000804F17D0A0F57C40824213D000F5806015
:10A8C00082420FD000F5806082420BD000F57840C4
:10A8D000824207D000F57050824203D0A0F5943038
:10A8E000824204D124F0800449682143916001220E
:10A8F00083F83D20002083F83C005DF8044B70474E
:10A900000220704700000140024690F83C30012BC5
:10A9100021D0012380F83C30CB6823F44073886851
:10A92000034323F480634868034323F40063086807
:10A93000034323F480530869034323F40053486915
:10A94000034323F48043C9690B4311684B6400201F
:10A9500082F83C00704702207047704770470268D9
:10A9600002F10C0353E8003F23F0C0030C3242E82D
:10A9700000310029F3D1202380F83D307047026870
:10A9800002F10C0353E8003F23F490730C3242E8C9
:10A9900000310029F3D1026802F1140353E8003FAB
:10A9A00023F00103143242E800310029F3D1036B94
:10A9B000012B05D0202380F83E300023036370472D
:10A9C000026802F10C0353E8003F23F010030C323D
:10A9D00042E800310029F3D1ECE790F83D30DBB2DA
:10A9E000212B01D0022070478368B3F5805F17D018
:10A9F000036A5A1C02621A7803685A60C38C9BB2BD
:10AA0000013B9BB2C3844BB90268D36823F0800337
:10AA1000D3600268D36843F04003D36000207047DE
:10AA20000369002BE4D1036A1B880268C3F308039F
:10AA30005360036A02330362E0E7000010B5044686
:10AA40000268136923F44053C1680B4313618368A0
:10AA500002691A4343691A43C3691A430168CB6800
:10AA600023F4164323F00C031343CB6002685369AD
:10AA700023F4407381690B4353610368314A934265
:10AA800006D002F58062934202D0FCF72BFA01E077
:10AA9000FCF738FAE369B3F5004F29D00021031819
:10AAA00049411B1841F10001C90041EA5371DB0023
:10AAB000181863684FEA83024FEA937341F100016B
:10AAC000F8F7F0FA204AA2FB00314909642303FB9E
:10AAD00011031B013233A2FB03235B0903F0F002D5
:10AAE00002EB011203F00F03216813448B6010BDC9
:10AAF0000023021843EB0301121841F10001C900C1
:10AB000041EA5271D200101841F1000162689218B6
:10AB10005B41F8F7C7FA0C4AA2FB003149096423EC
:10AB200003FB1103DB003233A2FB03235B095A0052
:10AB300002F4F87202EB011203F0070321681344D8
:10AB40008B60D4E7001001401F85EB512DE9F843DD
:10AB500005460F4616469946DDF820802B681C688E
:10AB600037EA04040CBF01240024B4422DD1B8F10B
:10AB7000FF3FF3D0B8F1000F05D0FCF7ADFFA0EB1D
:10AB800009004045EAD92A6802F10C0353E8003F66
:10AB900023F4D0730C3242E800310029F3D12A6843
:10ABA00002F1140353E8003F23F00103143242E89A
:10ABB00000310029F3D1202385F83D3085F83E305F
:10ABC000002385F83C30032000E00020BDE8F88336
:10ABD00058B310B5044690F83D300BB3242384F8E5
:10ABE0003D302268D36823F40053D3602046FFF73A
:10ABF00025FF2268136923F4904313612268536987
:10AC000023F02A0353612268D36843F40053D360CE
:10AC100000202064202384F83D3084F83E3010BDAD
:10AC200080F83C30F9F758FCD8E7012070472DE94F
:10AC3000F04182B01E4690F83D30DBB2202B54D15B
:10AC400004460D469046002953D0002A53D090F870
:10AC50003C30012B51D0012380F83C3000230364A9
:10AC6000212380F83D30FCF737FF0746A4F8248005
:10AC7000A4F82680A368B3F5805F05D04FF00008E4
:10AC8000002384F83C3012E0236913B14FF0000830
:10AC9000F6E7A8460025F3E738F8023B2268C3F33D
:10ACA00008035360E28C92B2013A92B2E284E38CE0
:10ACB0009BB273B100963B46002280212046FFF7ED
:10ACC00045FFE0B9002DE7D015F8012B23685A6045
:10ACD000E8E700963B46002240212046FFF736FF7A
:10ACE00078B9202384F83D3000E0022002B0BDE8AE
:10ACF000F0810120FAE70120F8E70220F6E70320BF
:10AD0000F4E70320F2E790F83D30DBB2202B19D1B5
:10AD1000D1B1DAB190F83C30012B19D0012380F881
:10AD20003C3001628284C28400230364212280F8C3
:10AD30003D2080F83C300168CA6842F08002CA6059
:10AD40001846704702207047012070470120704765
:10AD50000220704738B5134690F83D20D2B2202A21
:10AD600037D10446002936D0002B36D090F83C204D
:10AD7000012A34D0012280F83C2001628384C384FC
:10AD800000250564212280F83D20426B1548D063E0
:10AD9000626B15481064626B1448D064626B156571
:10ADA00022680432606BFCF789FC23686FF0400274
:10ADB0001A6084F83C50226802F1140353E8003F03
:10ADC00043F08003143242E800310029F3D100201F
:10ADD00000E0022038BD0120FCE70120FAE7022054
:10ADE000F8E700BFF3AD00085BAE000869AE0008ED
:10ADF000704708B50346806B1B681B6813F4807F9F
:10AE00001AD10023C384026802F1140353E8003FFF
:10AE100023F08003143242E800310029F3D10268A4
:10AE200002F10C0353E8003F43F040030C3242E8C8
:10AE300000310029F3D108BDFFF7DAFFFBE708B5C1
:10AE40000168CA6822F04002CA60202280F83D20D2
:10AE5000FFF7CEFF002008BD704708B5806BFFF7F5
:10AE6000FBFF08BD7047704710B5846B23685A69B3
:10AE700094F83D30DBB2212B10D023685A6902F0E0
:10AE8000400294F83E30DBB2222B11D0236C43F009
:10AE900010032364204602F00DFF10BD02F0800273
:10AEA000002AEAD00023E3842046FFF758FDE4E7B8
:10AEB000002AEBD00023E3852046FFF760FDE5E79D
:10AEC00008B5806B0023C385C38402F0F3FE08BD80
:10AED00090F83E30DBB2222B67D18368B3F5805FF8
:10AEE0004DD0826AB3F5805F04D0002B54D1036942
:10AEF000002B51D103685B681370836A013383624E
:10AF0000C38D9BB2013B9BB2C385002B4FD100B5D3
:10AF100083B00268D36823F02003D3600268D3684B
:10AF200023F48073D3600268536923F001035361F3
:10AF3000202380F83E30036B012B33D100230363C1
:10AF4000026802F10C0353E8003F23F010030C32B7
:10AF500042E800310029F3D103681A6812F0100F9B
:10AF600006D0002201921A6801925B680193019B4E
:10AF7000818D02F069FE002003B05DF804FB0269D8
:10AF8000002AAED1826A03685B68C3F308031380AA
:10AF9000836A02338362B3E703685B6803F07F036D
:10AFA0001370AAE7FFF75EFFE5E702207047002075
:10AFB0007047000010B582B0044602681368D0687C
:10AFC000516913F00F0F09D113F0200F0CD010F0BE
:10AFD000200F09D02046FFF77BFF16E011F001019A
:10AFE00015D110F4907F12D1216B012979D013F083
:10AFF000800F03D010F0800F40F0108113F0400F4D
:10B0000003D010F0400F40F00D8102B010BD13F0DE
:10B01000010F06D010F4807F03D0226C42F00102B1
:10B02000226413F0040F04D019B1226C42F0020222
:10B03000226413F0020F04D019B1226C42F0040212
:10B04000226413F0080F07D010F0200F00D119B1BF
:10B05000226C42F008022264226C002AD5D013F040
:10B06000200F02D010F0200F29D123685B6903F074
:10B070004003226C12F0080F00D163B32046FFF7A3
:10B080007EFC23685B6913F0400F20D0226802F138
:10B09000140353E8003F23F04003143242E8003128
:10B0A0000029F3D1A36B73B1604A1A65A06BFCF75A
:10B0B00084FB0028A9D0A06B036D9847A5E7204624
:10B0C000FFF706FFD1E7204602F0F4FD9DE720469A
:10B0D00002F0F0FD99E7204602F0ECFD0023236426
:10B0E00093E713F0100F82D010F0100F3FF47FAFF2
:10B0F000002301931368019353680193019B5369E3
:10B1000013F0400F50D0A26B13685B689BB2002B0A
:10B110003FF47BAFA18D99427FF677AFE385D3698A
:10B12000B3F5807F37D0226802F10C0353E8003F6B
:10B1300023F480730C3242E800310029F3D12268F5
:10B1400002F1140353E8003F23F00103143242E8F4
:10B1500000310029F3D1226802F1140353E8003FC3
:10B1600023F04003143242E800310029F3D12023B8
:10B1700084F83E3000232363226802F10C0353E875
:10B18000003F23F010030C3242E800310029F3D1D4
:10B19000A06BFCF7C8FAA18DE38D9BB2C91A89B2E6
:10B1A000204602F051FD30E7A18DE38D9BB2C91A14
:10B1B00089B2E38D9BB2002B3FF427AF00293FF407
:10B1C00024AF226802F10C0353E8003F23F490738C
:10B1D0000C3242E800300028F3D1226802F1140357
:10B1E00053E8003F23F00103143242E80030002806
:10B1F000F3D1202384F83E3000232363226802F138
:10B200000C0353E8003F23F010030C3242E80030F7
:10B210000028F3D1204602F017FDF6E62046FFF79E
:10B22000DCFBF2E62046FFF70AFEEEE6C1AE0008C0
:10B2300008B5806B036B012B02D0FFF714FE08BD2D
:10B24000818D490802F000FDF9E708B50346806BDF
:10B250001B681B6813F4807F2BD10023C385026811
:10B2600002F10C0353E8003F23F480730C3242E8F0
:10B2700000310029F3D1026802F1140353E8003FC2
:10B2800023F00103143242E800310029F3D10268AF
:10B2900002F1140353E8003F23F04003143242E864
:10B2A00000310029F3D1202380F83E30036B012BBD
:10B2B00005D0036B012B0FD0FFF7D4FD08BD02684A
:10B2C00002F10C0353E8003F23F010030C3242E874
:10B2D00000310029F3D1ECE7818D02F0B5FCEDE7F8
:10B2E00030B583B00446134681628285002505642B
:10B2F000222280F83E20826B2048D063A26B204837
:10B300001064A26B1F48D064A26B156520680A46C2
:10B31000011DA06BFCF7D2F9019523681A68019210
:10B320005B680193019B84F83C5023695BB1226800
:10B3300002F10C0353E8003F43F480730C3242E8FF
:10B3400000310029F3D1226802F1140353E8003FD1
:10B3500043F00103143242E800310029F3D122689E
:10B3600002F1140353E8003F43F04003143242E873
:10B3700000310029F3D1002003B030BD4BB20008EA
:10B3800031B2000869AE000890F83E30DBB2202BE5
:10B3900029D110B582B0044639B342B390F83C309D
:10B3A000012B27D0012380F83C300363FFF798FF7F
:10B3B000F0B9236B012B01D0012019E00023019388
:10B3C00023681A6801925B680193019B226802F16D
:10B3D0000C0353E8003F43F010030C3242E8003105
:10B3E0000029F3D104E002207047012000E0012091
:10B3F00002B010BD0220FBE7034AD2F8883043F4C4
:10B400007003C2F88830704700ED00E000F10803D7
:10B4100043604FF0FF328260C3600361002303602A
:10B42000704700230361704743684B609A688A60E5
:10B43000516099600861036801330360704730B45C
:10B440000D68B5F1FF3F11D000F108031C465B68A1
:10B450001A68AA42FAD963684B6099608C6061608F
:10B46000086103680133036030BC70470469F2E788
:10B470000369416882688A60416851605A68824203
:10B4800006D0002202611A68013A1A6018687047F3
:10B4900082685A60F5E70000084B1B681B6823B9F7
:10B4A000074B4FF0FF321A607047044B1B68DB6894
:10B4B000DB685A68024B1A60704700BF18360020DC
:10B4C000B03500202DE9F04707469846089DDDF885
:10B4D00024900A9C266B02F18042013A06EB820618
:10B4E00026F00706C1B308464FF0000CBCF11F0F51
:10B4F00009D810F80C2004EB0C0383F8342012B1A7
:10B500000CF1010CF2E7002384F85330062D00D92A
:10B510000625E56265654FF0000AC4F858A0201DB5
:10B52000FFF77FFF04F11800FFF77BFF2461C5F1EF
:10B530000705A5616462C4F85CA084F860A0424677
:10B540003946304600F07EFD2060B9F1000F01D091
:10B55000C9F80040BDE8F087002384F83430D5E70F
:10B5600038B5002407E004EB840293000E48184429
:10B57000FFF74CFF0134062CF5D90C4D2846FFF798
:10B5800045FF0B4C2046FFF741FF0A48FFF73EFFFF
:10B590000948FFF73BFF0948FFF738FF084B1D60DC
:10B5A000084B1C6038BD00BF4436002030360020F8
:10B5B0001C36002000360020EC350020D435002059
:10B5C000183600201436002010B5044600F062FD45
:10B5D000214A136801331360204B1B685BB1204B79
:10B5E0001B686BB91D4B1B68DA6AE36A9A4207D87D
:10B5F0001A4B1C6004E0194B1C601368012B28D007
:10B60000184A136801331360E06A01238340164A25
:10B6100011680B43136000EB8000211D134B03EBFB
:10B620008000FFF701FF00F057FD0D4B1B687BB159
:10B630000A4B1B68DA6AE36A9A4209D24FF0E023A8
:10B640004FF08052C3F8042DBFF34F8FBFF36F8FBD
:10B6500010BDFFF785FFD3E7D0350020D03600209E
:10B66000C4350020B4350020C83500204436002001
:10B6700010B5044690F8613063B1012B11D0022B54
:10B680000ED04FF0500383F31188BFF36F8FBFF3D9
:10B690004F8FFEE7006B00F059FC204600F056FC8F
:10B6A00010BD00F053FCFBE70F4B1B68D3B110B586
:10B6B00000F0F0FC0D4BDB68DC68201DFFF7D8FEC6
:10B6C0000B4A1368013B1360074A1368013B136080
:10B6D00000F002FD2046FFF7CBFF034B1B68002B59
:10B6E000E6D110BD704700BFE8350020EC350020E2
:10B6F000D035002008B5FFF7D7FF074B1B68012B9B
:10B70000F9D94FF0E0234FF08052C3F8042DBFF376
:10B710004F8FBFF36F8FEEE74436002070B50446BD
:10B720000D461D4B1E681D4B18680430FFF7A0FE28
:10B7300048B91A4B1B68DB6A01229A4018490B680A
:10B7400023EA02030B60B4F1FF3F0DD03444134BE6
:10B750001B685C60A64210D9124B18680F4B196821
:10B760000431FFF76CFE70BD002DEFD00B4B196854
:10B7700004310D48FFF758FEF5E70C4B1868074BEE
:10B7800019680431FFF75BFE094B1B68A342EAD935
:10B79000074B1C60E7E700BFCC350020D036002007
:10B7A000C835002014360020D4350020183600207B
:10B7B000B035002030B587B00B9C7CB10C9DB5B185
:10B7C00064250495049D642D1AD04FF0500383F333
:10B7D0001188BFF36F8FBFF34F8FFEE74FF0500319
:10B7E00083F31188BFF36F8FBFF34F8FFEE74FF0E6
:10B7F000500383F31188BFF36F8FBFF34F8FFEE7C2
:10B80000049D0C9D2C63022485F861400024039460
:10B81000029505AC01940A9C0094FFF753FE0C9826
:10B82000FFF7D2FE059807B030BD2DE9F04385B093
:10B830000746884614461E46900000F005FB08B3F4
:10B840008146642000F000FB0546A8B1C0F83090A6
:10B85000002380F86130039302900D9B01930C9BB1
:10B8600000933346224641463846FFF72BFE2846D2
:10B87000FFF7AAFE012007E0484600F067FB4FF003
:10B88000FF3001E04FF0FF3005B0BDE8F08300006D
:10B8900038B5044600F0FEFB002C34D0251D2846A8
:10B8A000FFF7E6FD70B9E26A02EB82039B002749CD
:10B8B000CB583BB9012303FA02F225490B6823EA6E
:10B8C00002030B60A36A1BB104F11800FFF7D0FD5F
:10B8D000204A1368013313601F4B1B68A34215D025
:10B8E0001E4A1368013B13602046FFF7C1FEFFF7B5
:10B8F000D3FD00F0F1FB1A4B1B681BB1164B1B6804
:10B90000A3420CD038BD144B1C68C7E72946154824
:10B91000FFF78AFD144A136801331360E9E7134BFC
:10B920001B6843B14FF0500383F31188BFF36F8F4F
:10B93000BFF34F8FFEE74FF0E0234FF08052C3F884
:10B94000042DBFF34F8FBFF36F8FDBE7443600202A
:10B95000C8350020B4350020D0360020D035002076
:10B96000C4350020EC350020E8350020A835002043
:10B9700010B588B000240594069407AA06A905A866
:10B98000F7F744FD059B0293069B01930094234621
:10B99000079A0E490E48FFF70DFF0E4B186090B145
:10B9A0004FF0500383F31188BFF36F8FBFF34F8FB6
:10B9B000094B4FF0FF321A60084B01221A60084B06
:10B9C0001C6000F001FC08B010BD00BF405701082A
:10B9D000F5B60008AC350020B0350020C435002095
:10B9E000CC350020024A136801331360704700BF52
:10B9F000A8350020F8B53A4B1B68002B69D1394BAC
:10BA00001D6801351D60C5B9374B1B681B6843B104
:10BA10004FF0500383F31188BFF36F8FBFF34F8F45
:10BA2000FEE7314A1168314B186810601960304ADE
:10BA3000136801331360FFF72FFD2E4B1B68AB42D9
:10BA40003DD900272C4B1B68DB6A03EB83039A006C
:10BA50002A4B9B58012B00D90127294B1B68002B2F
:10BA60003CD001273AE001271F4B1B681B6843B3FA
:10BA70001D4B1B68DB68DC6863689D4226D3261D6E
:10BA80003046FFF7F5FCA36A1BB104F11800FFF77D
:10BA9000EFFCE36A01229A401A49086802430A60EF
:10BAA00003EB83039A00314614481044FFF7BCFCB3
:10BAB000E26A114B1B68DB6A9A42D4D2D4E70027B2
:10BAC000D2E70C4B4FF0FF321A60BBE7094A136014
:10BAD000B8E70D4A13680133136000273846F8BDF4
:10BAE000A8350020CC350020183600201436002060
:10BAF000B8350020B0350020D03600204436002074
:10BB0000BC350020C8350020C035002038B5354B85
:10BB10001B6843B94FF0500383F31188BFF36F8F55
:10BB2000BFF34F8FFEE700F0B5FA2E4B1A68013ACB
:10BB30001A601B68002B4FD12B4B1B680BB90024DC
:10BB40004BE00024294B1B681BB3284BDB68DC68E7
:10BB500004F11800FFF78CFC251D2846FFF788FC30
:10BB6000E06A01238340224A11680B43136000EB13
:10BB7000800029461F4B03EB8000FFF755FCE26A6B
:10BB80001D4B1B68DB6A9A42DCD31C4B01221A60F6
:10BB9000D8E70CB1FFF780FC194B1C6884B9174B30
:10BBA0001C68D4B14FF0E0234FF08052C3F8042D4D
:10BBB000BFF34F8FBFF36F8F01240EE0013C07D01E
:10BBC000FFF718FF0028F9D00C4B01221A60F5E7A7
:10BBD0000B4B00221A60E2E7002400F07DFA2046B9
:10BBE00038BD00BFA8350020D03500200036002029
:10BBF000C835002044360020D0360020BC35002057
:10BC0000C035002010B5A8B10446104B1B6843B1E5
:10BC10004FF0500383F31188BFF36F8FBFF34F8F43
:10BC2000FEE7FFF7DFFE00212046FFF777FDFFF775
:10BC30006DFF48B94FF0E0234FF08052C3F8042D58
:10BC4000BFF34F8FBFF36F8F10BD00BFA83500202B
:10BC5000204B1B681BB1204B01221A6070471E4B02
:10BC600000221A601D4B1B68B3FA83F3DBB2C3F1E9
:10BC70001F0303EB83018A0019498A5842B94FF028
:10BC8000500383F31188BFF36F8FBFF34F8FFEE72D
:10BC9000134803EB83018A000244516849685160EC
:10BCA00003EB830C4FEA8C0208320244914209D024
:10BCB00003EB83039A000A4B13445B68DA68094B71
:10BCC0001A607047486862469100054A0A4450600D
:10BCD000EEE700BFA8350020BC350020C8350020A5
:10BCE00044360020D0360020842801D0033070472D
:10BCF0000020704708B5FFF73BFE002008BD2DE986
:10BD0000F04387B00E464469C4B18569B5B1476850
:10BD1000D0F80080D0F81090B0F90800FFF7E4FFE9
:10BD200002950194009033464A4641463846FFF753
:10BD300041FD0590059807B0BDE8F08344680568AB
:10BD40000769B0F90800FFF7CFFF05AB019300903A
:10BD50003346BAB229462046FFF767FD0128E9D0ED
:10BD60000020E8E708B5FFF793FD002008BD08B5FF
:10BD700000B90120FFF746FF002008BD134A12F06A
:10BD8000070F1FD0D11D21F00701C1F59C432033BF
:10BD900013440A460E480260002141601344083BE8
:10BDA00023F007030B48036059601960991A51602A
:10BDB0001360094B1960094B1960094B4FF00042A1
:10BDC0001A60704744F62063E4E700BFF4360020B1
:10BDD000EC360020E8360020E0360020E436002073
:10BDE000D4360020164B1A461B688342FBD3516899
:10BDF00002EB010C844509D0416800EB010C63455E
:10BE000009D00360904219D0106070474068014427
:10BE100051601046F0E710B40A4C2468A3420BD0DE
:10BE20005B681944416013681B680360904200D04E
:10BE300010605DF8044B70470460F7E7704700BF7F
:10BE4000EC360020E836002038B50446FFF7CAFD7E
:10BE5000384B1B68B3B1384B1B681C4250D1002CC7
:10BE600050D004F1080214F0070F02D022F00702AC
:10BE70000832002A55D0314B1B68934253D33049C6
:10BE80000C6804E0FFF77AFFE5E721461C4663688B
:10BE9000934202D22368002BF7D1264B1B68A342A2
:10BEA00043D00D68083523680B6063689B1A102B1C
:10BEB00010D9A01810F0070F08D04FF0500383F3EB
:10BEC0001188BFF36F8FBFF34F8FFEE7436062604F
:10BED000FFF788FF626819490B689B1A0B601949C4
:10BEE00009688B4201D217490B60134B1B6813433F
:10BEF000636000232360144A13680133136002E077
:10BF0000002500E00025FFF701FE15F0070F0ED019
:10BF10004FF0500383F31188BFF36F8FBFF34F8F40
:10BF2000FEE70025EFE70025EDE70025EBE72846D3
:10BF300038BD00BFE8360020D4360020E4360020AB
:10BF4000EC360020E0360020DC360020002834D01B
:10BF500038B50446A0F1080550F8043C174A1268A9
:10BF6000134208D14FF0500383F31188BFF36F8F52
:10BF7000BFF34F8FFEE750F8081C41B14FF050035C
:10BF800083F31188BFF36F8FBFF34F8FFEE723EA70
:10BF9000020340F8043CFFF725FD54F8041C084A4E
:10BFA00013680B4413602846FFF71CFF054A13680B
:10BFB00001331360FFF7AAFD38BD7047D436002067
:10BFC000E4360020D836002082B0002301930D4BC8
:10BFD0001B68B3F1FF3F08D04FF0500383F3118883
:10BFE000BFF36F8FBFF34F8FFEE74FF0500383F324
:10BFF0001188BFF36F8FBFF34F8F019B002BFCD0D5
:10C0000002B07047C000002008480068006880F354
:10C0100008884FF0000080F3148862B661B6BFF361
:10C020004F8FBFF36F8F00DF00BF000008ED00E00F
:10C03000DFF80C00016841F47001016070470000F6
:10C0400088ED00E04FF0807340F8043C21F00101DE
:10C0500040F8081C054B40F80C3C40F8202C6FF0D1
:10C06000020340F8243C4438704700BFC9BF0008B1
:10C07000074B19680868B0E8F04F80F30988BFF3F0
:10C080006F8F4FF0000080F311887047AFF300808E
:10C09000D03600204FF0500383F31188BFF36F8F29
:10C0A000BFF34F8F0B4A136801331360012B00D08D
:10C0B00070474FF0E023D3F8043D13F0FF0FF7D0A3
:10C0C0004FF0500383F31188BFF36F8FBFF34F8F8F
:10C0D000FEE700BFC0000020094B1B6843B94FF0CA
:10C0E000500383F31188BFF36F8FBFF34F8FFEE7C9
:10C0F000013B034A13600BB983F31188704700BFFB
:10C10000C00000200000000000000000000000004F
:10C11000EFF30980BFF36F8F154B1A681EF0100FF5
:10C1200008BF20ED108A20E9F04F10602DE90900CA
:10C130004FF0500080F31188BFF34F8FBFF36F8F24
:10C14000FFF786FD4FF0000080F3118809BC1968E5
:10C150000868B0E8F04F1EF0100F08BFB0EC108A6E
:10C1600080F30988BFF36F8F704700BFAFF3008083
:10C17000D036002008B54FF0500383F31188BFF389
:10C180006F8FBFF34F8FFFF735FC28B14FF0E023DF
:10C190004FF08052C3F8042D002383F3118808BDAB
:10C1A0004FF0E022002313619361054B1B680549A2
:10C1B000A1FB03139B09013B5361072313617047E4
:10C1C000BC000020D34D62104FF0E023D3F8002DC7
:10C1D0003D4B9A421CD04FF0E023D3F8002D3B4B4F
:10C1E0009A421ED030B583B0394B1A78D2B2019240
:10C1F000FF221A701B78DBB28DF803309DF80330F4
:10C2000003F05003334A1370334B07221A601BE0CC
:10C210004FF0500383F31188BFF36F8FBFF34F8F3D
:10C22000FEE74FF0500383F31188BFF36F8FBFF326
:10C230004F8FFEE7284A1368013B13609DF80330D7
:10C240005B00DBB28DF803309DF8033013F0800FF4
:10C25000F0D1214B1B68032B08D04FF0500383F320
:10C260001188BFF36F8FBFF34F8FFEE71B021A4A8F
:10C27000136003F4E0631360019BDBB2144A137094
:10C280004FF0E024D4F8203D43F47003C4F8203D7F
:10C29000D4F8203D43F07043C4F8203DFFF780FF01
:10C2A00000250E4B1D60FFF7C3FED4F8343F43F06A
:10C2B0004043C4F8343FFFF7A7FEFFF7C9FCFFF780
:10C2C00083FE284603B030BD71C20F4170C20F41DA
:10C2D00000E400E01885002014850020C000002044
:10C2E00098B108B503460020C3F8B802C3F8C402E9
:10C2F000C3F8D00209B1C3F8B412012183F89C122B
:10C300001A701846F8F74EFB08BD0320704710B5A9
:10C3100082B00023ADF80630B9B10446C0F8B812B7
:10C32000D0F8D422CB6A43B1AE3250F82230DB6A67
:10C330000DF106009847C4F8D002D4F8D832013382
:10C34000C4F8D832002002B010BD0320FBE708B5C6
:10C35000F8F789FB08BD08B5D0F8B83213B11B68EF
:10C36000984708BD0020FCE708B5D0F8B8325B68F4
:10C37000984700B908BD0320FCE738B5044600F231
:10C38000AA25284600F0C3F90123C4F89432B4F872
:10C39000B032C4F8983294F8AA1201F01F03012BAE
:10C3A00007D0022B0AD073B92946204600F084FB3F
:10C3B00038BD2946204600F0BAFBF9E72946204659
:10C3C00000F0F7FBF4E701F080012046F8F766FB88
:10C3D000EEE7F8B50446012380F89C320023C0F84C
:10C3E00094324360C0F8A43280F8A032D0F8B8325A
:10C3F000DBB15B68DBB1002198470746C8B9402331
:10C40000002211462046F8F736FB0126A4F86461A5
:10C410004025C4F860512B46002280212046F8F7C1
:10C420002AFBA68425623846F8BD0027E7E70027E7
:10C43000E5E70327E3E701740020704790F89C329A
:10C44000DBB280F89D32042380F89C3200207047D4
:10C4500090F89C32DBB2042B01D00020704790F89A
:10C460009D32DBB280F89C32F7E708B590F89C3239
:10C47000DBB2032B01D0002008BDD0F8B832002B6E
:10C48000F9D0DB69002BF6D09847F4E708B5D0F86F
:10C49000D432AE3350F823205AB190F89C32DBB23C
:10C4A000032B01D0002008BD136A23B19847002058
:10C4B000F9E70320F7E70020F5E708B5D0F8D43214
:10C4C000AE3350F823205AB190F89C32DBB2032BE4
:10C4D00001D0002008BD536A23B198470020F9E736
:10C4E0000320F7E70020F5E70020704708B5012397
:10C4F00080F89C32D0F8B83223B15B680179984754
:10C5000010B908BD0020FCE70320FAE700207047BF
:10C510000020704738B504460D46002942D1134625
:10C52000D0F89422032A01D0084638BDD0F85C1117
:10C53000D0F86021914209D890F8AA3203F01F0385
:10C54000012B0ED0022B1BD028460FE0891AC0F811
:10C550005C118A4228BF0A46194600F083FC28462F
:10C56000E3E790F8AE12FFF7D1FF20B994F89C32C0
:10C57000DBB2032B09D0204600F07CFC2846D4E730
:10C5800090F8AE12FFF7C4FFEFE700F1AE0354F8E6
:10C5900023301A69002AEED0C4F8D4021B69204661
:10C5A0009847E8E701F07F01FFF7B2FF90B994F8F0
:10C5B0009C32DBB2032BB8D100F1AE0354F8233028
:10C5C0009A69002AB1D0C4F8D4029B692946204652
:10C5D0009847AAE70020A8E738B504460D46002989
:10C5E0004BD11346D0F89422022A07D094F8A00227
:10C5F00018B1002384F8A032284638BDC269016A08
:10C600008A420ED88A4218D094F89C32DBB2032BAF
:10C6100027D080212046F8F741FA204600F035FC6B
:10C62000E4E7521AC261194600F005FC00231A46DD
:10C6300019462046F8F752FAD8E783699942E3D8B9
:10C64000D0F898229342DFD20022114600F0F3FB8B
:10C650000021C4F898120B460A462046F8F73EFA25
:10C66000C4E7D4F8B832DA68002AD2D00022C4F87D
:10C67000D422DB6820469847CBE741F08001FFF7E2
:10C6800047FF90B994F89C32DBB2032BB5D100F18F
:10C69000AE0354F823305A69002AAED0C4F8D4024D
:10C6A0005B69294620469847A7E70020A5E70B8845
:10C6B000027813440B80037818447047428803784B
:10C6C0009A4218D930B583B004460D46ADF806300D
:10C6D0006388BDF806209A420AD20DF10601FFF7E1
:10C6E000E6FF4378052BF3D18378AB42F0D100E02D
:10C6F000002003B030BD002070470346002002E058
:10C700000130C0B201331A78002AF9D170470B7892
:10C7100003704B7843708B78CA7843EA02234380D6
:10C720000B794A7943EA022383808B79CA7943EAF9
:10C730000223C380704710B504468021F8F7AEF994
:10C7400000212046F8F7AAF910BD30B583B00446A1
:10C750000D460023ADF806304A88130A013B062B2C
:10C7600000F2AB80DFE803F0041F33A9A98D9A0023
:10C77000D0F8B4321B680DF10601007C9847EA88B6
:10C78000002A00F0A380BDF80630002B00F099804D
:10C790009A4228BF1A46ADF806200146204600F00E
:10C7A0003DFB03B030BD037C43B9D0F8B8329B6A7F
:10C7B0000DF10600984702234370E0E7D0F8B83245
:10C7C000DB6A0DF10600984702234370D7E7D2B227
:10C7D000052A52D8DFE802F003101D2A3744D0F8AA
:10C7E000B4325B6823B10DF10601007C9847C6E7BF
:10C7F0002946FFF7A0FFD4E7D0F8B4329B6823B1F5
:10C800000DF10601007C9847B9E72946FFF793FF31
:10C81000C7E7D0F8B432DB6823B10DF10601007C24
:10C820009847ACE72946FFF786FFBAE7D0F8B4325D
:10C830001B6923B10DF10601007C98479FE729464B
:10C84000FFF779FFADE7D0F8B4325B6923B10DF1A2
:10C850000601007C984792E72946FFF76CFFA0E7A6
:10C86000D0F8B4329B6923B10DF10601007C9847E2
:10C8700085E72946FFF75FFF93E72946FFF75BFF50
:10C880008FE7037C33B9D0F8B8325B6B0DF106004B
:10C89000984774E72946FFF74EFF82E7037C43B9C8
:10C8A000D0F8B8321B6B0DF1060098470723437090
:10C8B00065E72946FFF73FFF73E72946FFF73BFF90
:10C8C0006FE729462046FFF736FF6AE7204600F06B
:10C8D000D1FA66E738B504468B88FBB9CB88EBB94B
:10C8E0004B887F2B1AD803F07F0590F89C32DBB27F
:10C8F000032B0CD080F89E522946F8F7DFF820462B
:10C9000000F0B8FA35B1022384F89C3209E0FFF751
:10C9100012FF06E0012384F89C3202E02046FFF774
:10C920000AFF38BD70B504460E468D782F4B1D703A
:10C93000012D10D890F89C32DBB2022B0FD0032BC4
:10C9400026D0FFF7F8FE294B19782046FFF70CFD9B
:10C950000325284670BDFFF7EEFE0325F9E7A5B1D4
:10C9600045602946FFF7F7FC054638B131462046B9
:10C97000FFF7E1FE022384F89C32EAE7204600F04C
:10C9800079FA032384F89C32E3E700F073FAE0E7D6
:10C99000CDB141688D4225D0C9B2FFF7E5FC134BFC
:10C9A000197861602046FFF7D6FC0546B0B13146E4
:10C9B0002046FFF7C0FE21792046FFF7D5FC022371
:10C9C00084F89C32C5E7022380F89C3245602946F2
:10C9D000FFF7CAFC204600F04DFABAE7204600F007
:10C9E00049FAB6E700F046FA0025B2E719850020BB
:10C9F00008B5CB88012B0BD190F89C32DBB2022B0F
:10CA000009D9032B11D10122011D00F007FA01E021
:10CA1000FFF791FE08BD5BB23BB10146002341F830
:10CA2000083F012200F0FAF9F4E7FFF784FEF1E78E
:10CA300008B590F89C32013B022B12D8CB88022B10
:10CA40000CD10123C360D0F8A4320BB10323C3601F
:10CA5000022200F10C0100F0E1F908BDFFF76BFEC6
:10CA6000FBE7FFF768FEF8E708B54B88012B04D019
:10CA7000022B07D0FFF75FFE08BDC0F8A43200F01C
:10CA8000F9F9F9E78B881B0A80F8A03200F0F2F977
:10CA9000F2E708B590F89C32013B022B09D84B888D
:10CAA000012B00D008BD0023C0F8A43200F0E2F949
:10CAB000F8E7FFF740FEF5E738B50C7804F06004BE
:10CAC000202C06D0402C04D06CB1FFF734FE00249B
:10CAD00007E0D0F8D432AE3350F823309B68984743
:10CAE0000446204638BD4D78092D1DD8DFE805F0F5
:10CAF00012191C161C08051C0F0BFFF726FEF0E789
:10CB0000FFF7E8FEEDE7FFF70DFF0446E9E7FFF763
:10CB10006FFFE6E7FFF78CFF2C46E2E7FFF7A4FF85
:10CB2000DFE7FFF7B6FFDCE7FFF705FED9E770B5F3
:10CB300005460C460B7803F06003202B07D0402BF2
:10CB400005D023B1FFF7F7FD0026304670BD95F8FC
:10CB50009C32013B022B26D82179012905D9214697
:10CB60002846FFF7E8FD0026EFE72846FFF7CEFC52
:10CB700068B900F1AE0255F82220916889B1C5F874
:10CB8000D4029368214628469847064600E00326CB
:10CB9000E388002BD9D1002ED7D1284600F06AF9BE
:10CBA000D3E70326F4E721462846FFF7C4FD002615
:10CBB000CBE72DE9F04106460D468B88DFB20C78B5
:10CBC00004F06004202C08D0402C06D0DCB1FFF724
:10CBD000B2FD00242046BDE8F08139463046FFF71B
:10CBE00097FC0446002840F0F880C6F8D40200F113
:10CBF000AE0356F823309B68002BEBD02946304615
:10CC000098470446E6E791F80180B8F1010F31D06A
:10CC1000B8F1030F05D0B8F1000F67D0FFF78BFD17
:10CC2000D8E790F89C32DBB2022B04D0032B12D051
:10CC3000FFF781FDCEE70FB1802F04D129463046A2
:10CC4000FFF779FDC6E73946F7F728FF8021304620
:10CC5000F7F724FFBEE74B8823B91FB1802F01D01F
:10CC6000CB881BB1304600F005F9B3E73946F7F73A
:10CC700015FFF7E790F89C32DBB2022B04D0032BB0
:10CC800012D0FFF758FDA5E70FB1802F04D1294638
:10CC90003046FFF750FD9DE73946F7F7FFFE80214C
:10CCA0003046F7F7FBFE95E74B88002B92D117F043
:10CCB0007F0F17D1304600F0DDF839463046FFF7D8
:10CCC00027FC002886D1C6F8D40200F1AE0256F83F
:10CCD00022209268002A00F0828029463046904740
:10CCE000044677E73946F7F7E1FEE3E790F89C2240
:10CCF000D2B2022A05D0032A27D0FFF71CFD4446F2
:10CD000068E70FB1802F13D113F0800F14D107F013
:10CD10007F0707EB8707B90001F5A871314404319B
:10CD200000230B600222304600F078F8444651E7B9
:10CD3000FFF701FD44464DE707F07F0707EB870744
:10CD4000B900103131440431EAE75BB2002B1FDB3C
:10CD500007F00F0202EB820200EB8202B2F86421BC
:10CD60001AB3002B25DB07F07F0303EB83039C0042
:10CD700004F5A874344404340FB1802F22D1002369
:10CD8000236002222146304600F048F8444621E75D
:10CD900007F00F0202EB820200EB8202928C002A63
:10CDA000DFD1FFF7C8FC444614E7FFF7C4FC444654
:10CDB00010E707F07F0303EB83039C001034344437
:10CDC0000434D9E739463046F7F720FE10B1012385
:10CDD0002360D6E700232360D3E70024FAE6044665
:10CDE000F8E6D0B170B50D4616460446FFF785FC4F
:10CDF000431C5B009BB233802B7003236B700223B8
:10CE000007E0EA5401345A1CD2B20021A95402337B
:10CE1000DBB22278002AF4D170BD704708B5134602
:10CE20000222C0F894228361C3610A460021F7F709
:10CE30004DFE002008BD08B513460A460021F7F74D
:10CE400045FE002008BD08B513460322C0F8942211
:10CE5000C0F85831C0F85C310A460021F7F73EFEB1
:10CE6000002008BD08B513460A460021F7F736FE34
:10CE7000002008BD08B50422C0F8942200231A46F9
:10CE80001946F7F723FE002008BD08B50522C0F8B3
:10CE9000942200231A461946F7F720FE002008BD09
:10CEA00010B5D0F8D43203F1B00250F822408CB162
:10CEB00000EB820043687BB194F80002FF280DD09C
:10CEC0009B6894F8012221469847FF2384F800329A
:10CED000002010BD0320FCE70020FAE70020F8E75F
:10CEE0000A2303800048704740010020F8B5064639
:10CEF0000F4F82213846FFF7E1FB054601213846F6
:10CF0000FFF7DCFB044681213846FFF7D7FB0DB164
:10CF10001022AA711CB1402222710022627118B144
:10CF20004022027100224271432333800048F8BD41
:10CF3000C4000020F8B506460F4F82213846FFF79F
:10CF4000BDFB054601213846FFF7B8FB04468121A9
:10CF50003846FFF7B3FB0DB11022AA711CB1402275
:10CF600022710022627118B14022027100224271C6
:10CF7000432333800048F8BDC4000020F8B50646BE
:10CF80000F4F82213846FFF799FB054601213846AD
:10CF9000FFF794FB044681213846FFF78FFB0DB164
:10CFA0001022AA711CB1002222710222627118B1F2
:10CFB0000022027102224271432333800048F8BDEF
:10CFC000C400002038B5D0F8D432B03350F8235024
:10CFD00095B10446F7F731FDC5F80C02D4F8D43208
:10CFE000B03304EB83046368DB6805F50371D5F89F
:10CFF00004029847002038BD0320FCE738B5D0F87C
:10D00000C852D0F8D432B03350F8234084B301F082
:10D010000F0303EB830200EB820292694AB103EB38
:10D02000C30C05EB8C05AD6CB2FBF5FC05FB1C22BB
:10D0300092B10023C4F81432D0F8D432B03300EBEC
:10D04000830043681B69ABB10A4604F50471D4F848
:10D0500008029847002038BD03EB830300EB8303ED
:10D0600000249C6123462246F7F730FD2046F2E774
:10D070000320F0E70020EEE7F0B583B0D0F8D4321B
:10D0800003F1B00250F8227000228DF80720ADF8AD
:10D090000420002F7BD004460D46097811F060066D
:10D0A00034D0202E6CD1EA882AB311F0800F07D13A
:10D0B0006B7887F80032EA883F2A13D8D2B212E0A0
:10D0C000B03300EB83035B689B6839466878984708
:10D0D000EA88072A28BF072239462046FFF79EFE26
:10D0E000002651E0402287F8012239462046FFF70A
:10D0F000AAFE002648E0B03300EB83035B689B6820
:10D10000002229466878984700263DE06F780B2F6B
:10D1100031D8DFE807F00639303030303030303089
:10D12000162690F89C32DBB2032B04D02946FFF779
:10D1300002FB032628E0022201A9FFF76FFE3E460C
:10D1400022E090F89C32DBB2032B04D02946FFF793
:10D15000F2FA032618E001220DF10701FFF75EFE47
:10D1600012E090F89C32DBB2032B0DD02946FFF77A
:10D17000E2FA032608E02946FFF7DDFA032603E07A
:10D180002946FFF7D8FA0326304603B0F0BD032640
:10D19000FAE738B504468121F7F778FC00252587A2
:10D1A00001212046F7F772FCA4F87851822120462D
:10D1B000F7F76CFCA4F84C50A4F84E50D4F8D432D5
:10D1C00003F1B00254F822209AB1B03304EB830388
:10D1D0005B685B689847D4F8D432B03354F82300C6
:10D1E000F7F736FCD4F8D432B03344F82350C4F8FF
:10D1F000BC52002038BD70B504464FF40770F7F7F5
:10D2000023FC002849D005464FF407720021F3F7AC
:10D21000FFF8D4F8D432B03344F82350C4F8BC52E9
:10D22000237C002B41D14FF4007302228121204640
:10D23000F7F721FC012626874FF4007302223146BE
:10D240002046F7F718FCA4F878611023A4F84E30B4
:10D250000823032282212046F7F70DFC0123A4F8BE
:10D260004C300026C5F80462D4F8D432B03304EB55
:10D2700083035B681B689847C5F81462C5F8186299
:10D28000D5F8042262B3257C1DBB4FF40073012145
:10D290002046F7F723FC284670BDD4F8D432B033CB
:10D2A000002244F823200225F5E7402302228121B1
:10D2B0002046F7F7E0FB012626874023022231466D
:10D2C0002046F7F7D8FBA4F878611023A4F84E3075
:10D2D000BEE7402301212046F7F700FC0025DAE7EE
:10D2E0000225D8E739B1D0F8D432B03300EB83004F
:10D2F00041600020704703207047D0F8D432B0332B
:10D3000050F823302BB1C3F80812C3F810220020C4
:10D31000704703207047D0F8D432B03350F8233030
:10D320001BB1C3F80412002070470320704708B5F2
:10D33000D0F8D432B03350F823208AB1D2F8143266
:10D340000BB1012008BD0123C2F81432D2F810320B
:10D35000C362D2F808228121F7F7B8FB0020F1E779
:10D360000320EFE710B5D0F8D432B03350F82320C3
:10D3700092B1047C44B94FF40073D2F80422012125
:10D38000F7F7ACFB204610BD4023D2F80422012160
:10D39000F7F7A4FB0024F5E70324F3E710B5154CD9
:10D3A000A82200212046F3F733F8032323616361A9
:10D3B000114AA261114BE3614FF4806323620023A1
:10D3C000A3626362E36222660D4A62661022A2666D
:10D3D0002367E3666367BFF35F8F06E0C3F10F0265
:10D3E0000849895C034AD15401330F2BF6D9BFF3A6
:10D3F0005F8F10BD2C890020485701082C85002024
:10D400001C8500207058010808B5FFF7C7FF08BD4C
:10D410000E4B1B78C3B982B00C4B01221A700C4B17
:10D420005B680193019A0B4B1B689A4203D20A4A2C
:10D43000136801331360064B5A68064B1A60034B9E
:10D4400000221A7002B07047704700BFF0890020B8
:10D45000001000E0008A0020048A002008B5124A6B
:10D46000D2F8FC3043F08073C2F8FC300F4B00213F
:10D4700059601A6842F001021A600D4B03FB00F07C
:10D480000C4B18600C4BA3FB00239B090B4A136049
:10D490000B4BA3FB0030800C0A4B18600A4B196041
:10D4A000FFF7B6FF08BD00BF00ED00E0001000E090
:10D4B00040420F00108A0020D34D62100C8A0020D9
:10D4C00083DE1B43088A0020048A002000B52DED6E
:10D4D000028B83B00D4B5B680193019B02689B1A22
:10D4E00007EE903AF8EE677A094B93ED007AB8EEC2
:10D4F000477A87EE878A019B0360FFF789FFB0EECA
:10D50000480A03B0BDEC028B5DF804FB001000E09C
:10D51000108A00202DE9F04182B0294B5B6801930D
:10D52000FFF776FF274B1C6800266508E3071B1BE7
:10D5300065F10005DB186D411C1945F10005019BE3
:10D54000E41845F10005204B1C605D601F4BD3F8CB
:10D5500000804246334620462946F5F7A3FD07469C
:10D560001B4B186059604246334620462946F5F762
:10D5700099FD10461C461546164B1A605C60DFF894
:10D580006480C8F80070144B1F683A463346214641
:10D59000F5F788FD80B2A8F8040000FB07F7E81B48
:10D5A00064F100010D4B186059600D4B1A68334649
:10D5B000F5F778FDA8F8060002B0BDE8F08100BFDD
:10D5C000001000E0048A0020F8890020108A002062
:10D5D000E8890020E08900200C8A0020D8890020FA
:10D5E000088A0020148A002008B5FFF793FF0E4B2D
:10D5F0009A8807EE902AF8EEE77A9FED0C7A67EEAC
:10D60000877A93ED007AB8EE470A30EE270ADB8876
:10D6100007EE903AF8EEE77A9FED057A67EE877AA3
:10D6200030EE270A08BD00BF148A00206F12833A2B
:10D63000BD37863508B5FFF76DFF0B4A1168938833
:10D640004FF47A7000FB013300EE103AB8EE400A56
:10D65000D38807EE903AF8EEE77A9FED047A67EE0A
:10D66000877A30EE270A08BD148A00206F12833AA9
:10D670000A4B5968094B5B685B1A094AD2ED007A7C
:10D68000F8EE677A67EE807A07EE103AB8EE477ADE
:10D69000B4EEE77AF1EE10FAECD47047001000E037
:10D6A000108A002008B5036803F14042B2F5005F1C
:10D6B0000FD903F13F4202F57F02B2F5806F17D90F
:10D6C000A3F14023A3F58033B3F5006F10D90020F8
:10D6D00008BDF9F707FC0E4B9B68C3F382230D4A84
:10D6E000D35C1BB9012303FB00F0F1E70223FAE747
:10D6F000F9F708FC064B9B68C3F38223054AD35C09
:10D700001BB9012303FB00F0E2E70223FAE700BFA5
:10D71000003802405858010808B5002301E00133E1
:10D72000DBB20C4A12789A4213D90B4A52F82320E2
:10D7300011688142F3D190F81CE051684FEA910CD6
:10D74000012101FA0CF18E45E9D153690BB1104664
:10D75000984708BD5C8A00201C8A00208368016805
:10D760004A680132B3FBF2F307EE903AF8EE677ABB
:10D7700067EE807A0B68FCEEE77AC3ED0B7A83687C
:10D7800001684A680132B3FBF2F307EE903AF8EE13
:10D79000677A27EE800ABCEEC00A81ED030A704763
:10D7A000436863B903681B68D3ED0B7AF8EE677AB8
:10D7B00027EE800ABCEEC00A83ED0D0A7047042BE9
:10D7C0000ED0082B19D003681B68D3ED0B7AF8EE46
:10D7D000677A67EE807AFCEEE77AC3ED107A7047DD
:10D7E00003681B68D3ED0B7AF8EE677A67EE807AF0
:10D7F000FCEEE77AC3ED0E7A704703681B68D3ED41
:10D800000B7AF8EE677A67EE807AFCEEE77AC3ED82
:10D810000F7A704738B51C4B1B780F2B00D9FEE7E9
:10D8200005461C20F2F7E8FC044600230360436031
:10D830008360C360036143618361286820606B6813
:10D840006360AB68E360EB6823612B6963616B69BC
:10D85000A361FFF727FFA06061682068FCF78CFFD9
:10D8600094ED030A2046FFF779FF94ED040A204661
:10D87000FFF796FF044A1378591C1170034A42F8C7
:10D880002340204638BD00BF5C8A00201C8A00204F
:10D8900008B5002300E00133074A12789A420AD9FA
:10D8A000064A52F82320D1888142F4D19168002998
:10D8B000F1D01046884708BD888A0020608A002081
:10D8C000002306E013690BB11046984710BD0133E1
:10D8D000DBB20E4A12789A4217D90D4A52F8232029
:10D8E00011688142F3D110B5446C11798C42E9D0B2
:10D8F0000133DBB2054A12789A42E7D9044A52F85A
:10D90000232011688142F3D1EEE77047948A00200A
:10D910008C8A002008B5FFF7D3FF08BD10B50C4C6A
:10D920002046FAF7C5FB02212046FAF73EFD1021FA
:10D930002046FAF73AFD074C2046FAF7B9FB0221D8
:10D940002046FAF732FD10212046FAF72EFD10BDD1
:10D95000CC110020A411002000B58BB0C36803B126
:10D9600001230693C368B3FA83F252090792C2698E
:10D9700012F0010F0CBF0122002204920E22099224
:10D980001A460BB1426B520101920023009302939D
:10D99000039302680A4B9A420DD00A4A1378591C25
:10D9A000117005930123089369460068FAF7E4FAB9
:10D9B0000BB05DF804FB044A1378591C1170F0E7B2
:10D9C000CC1100204A010020BC8A002070B582B032
:10D9D00005460E4631462846FAF7D4FC68B36B4636
:10D9E000174A31462846FAF728FC002400E00134A3
:10D9F000144B1B789C42EDD2134B53F824301A6819
:10DA0000AA42F4D10E4A11685A6B9142EFD1D3F871
:10DA10003D2072B10A4A126983F838200A4D18462F
:10DA200069462C30F2F79AFF55F82400D0F83D30C3
:10DA30009847034B00225A601A6002B070BD00BFC5
:10DA4000988A0020BD8A0020C08A002038B504468C
:10DA5000264B1B7833B1254B93F800C0BCF10F0F58
:10DA600016D9FEE7FFF75AFFF5E701339C4511D9B8
:10DA70001F4A52F82320D06961688842F5D1506B63
:10DA8000A1688842F1D1116822689142EDD1FEE788
:10DA90000023EBE74520F2F7AFFB054645220021C6
:10DAA000F2F7B6FC62686A602369EB600023082124
:10DAB00029756B75AB75EB7523682B60EA61A368FC
:10DAC0006B63E368C5F839306369C5F83D30A36915
:10DAD000C5F841302846FFF73FFF044A1378591C28
:10DAE0001170034A42F82350284638BDBD8A0020F1
:10DAF000C08A002010B52DED028B82B00446F0EEF6
:10DB0000408AFFF797FDB0EE408A2068FAF77CFB69
:10DB100088B9FFF78FFD30EE480AB4EEE80AF1EE5F
:10DB200010FAF2DD104A136801331360002002B0CE
:10DB3000BDEC028B10BDFFF77DFD30EE480A0B4BAC
:10DB400083ED000A214651F8040B01AB04F12402D5
:10DB5000FAF7DCFA08B90120E9E7034A1368013350
:10DB600013600020E3E700BFB88A0020B48A0020D9
:10DB700008B50021FFF72AFF08BD08B50121FFF70E
:10DB800025FF08BD10B5044690F800210146D0F8E5
:10DB90000401FDF7F9FBD4F804319B6B1A68136894
:10DBA00023F00803136010BD70B5194B1D78022DCA
:10DBB0000DD9FEE70133DBB29D420BD9154A52F86D
:10DBC0002320D2F8041162689142F3D1FEE70446A3
:10DBD0000023F1E74FF48670F2F70EFB06464FF490
:10DBE00086720021F2F714FC6368C6F804312378CA
:10DBF00086F80031A368C6F808316A1C044B1A7015
:10DC0000044B43F825603046FFF7BCFF304670BD3B
:10DC10000C8B0020008B002008B5022B09D0032BB1
:10DC20000CD0012B0FD16423D0F80401FCF7FFFFC7
:10DC300008BDD0F80401FDF766F8F9E7D0F8040153
:10DC4000FDF788F8F4E7FEE738B50C46002301E05D
:10DC50000133DBB2154A92F800C09C4525D91D4618
:10DC6000134A52F82320D2F804118142F0D1D2F89D
:10DC700008313BB19847224600210D4B53F825004F
:10DC8000F2F7C6FB0A4C54F8251091F80021D1F8A0
:10DC90000401FDF779FB54F82530D3F804319B6B70
:10DCA0001A68136823F00803136038BD0C8B00203A
:10DCB000008B002010B50246002401E00134E4B2DC
:10DCC0000D4B1B78A34215D90C4B53F82410D1F8F7
:10DCD00004019042F2D191F80021FDF755FB074B6A
:10DCE00053F82430D3F804319B6B1A68136823F07F
:10DCF0000803136010BD00BF0C8B0020008B0020B8
:10DD000000B583B002AB03E90300F6F7D7FF024B7F
:10DD1000186003B05DF804FB108B002008B5F6F71F
:10DD2000B7FF08BD08B5FFF76FFB08BD4FF0000C4B
:10DD300005E05DF804FB0CF1010C5FFA8CFCBCF112
:10DD40000B0F1FD80023022BF5D800B50CEB4C02AB
:10DD500001EB820202EB8302D2F800E00CEB4C02F2
:10DD60001A4400EB8202C2F804E00133DBB2022B5A
:10DD7000ECD90CF1010C5FFA8CFCBCF10B0FD8D87C
:10DD80000023F4E7704780ED000A704784B02DE966
:10DD9000F04F2DED068B8DB005461DA880E80E00D6
:10DDA000F0EE40AAB0EE60AAF0EE419AB0EE619AB1
:10DDB0000026CBE006EB46046400E4B204EB440723
:10DDC00005EB8707D7ED018A9DED2A8AF0EE000A60
:10DDD000B0EE480AF2F714FF68EE808AD7ED027AB7
:10DDE00068EE277A78EEA78AD7ED037A78EEA78ACD
:10DDF000DDED277A67EEE87A4FEA460806EB46073C
:10DE00000CAB03EBC70747ED0C7A04F1010A0AEBF0
:10DE10004A0B05EB8B0BDBED018AF0EE000AB0EE4E
:10DE2000480AF2F7EDFE68EE808ADBED027A68EED2
:10DE3000277A78EEA78ADBED037A78EEA78ADDED04
:10DE4000287A67EEE87A47ED0B7A04F1020A0AEBCA
:10DE50004A0B05EB8B0BDBED018AF0EE000AB0EE0E
:10DE6000480AF2F7CDFE68EE808ADBED027A68EEB2
:10DE7000277A78EEA78ADBED037A78EEA78A6AEE36
:10DE8000E88A47ED0A8A04F1030A0AEB4A0B05EB1C
:10DE90008B0BDBED018AF0EE000AB0EE480AF2F7D8
:10DEA000AFFE68EE808ADBED027A68EE277A78EEC4
:10DEB000A78ADBED037A78EEA78AD5ED007A77EEB4
:10DEC000CA7A68EEA78A47ED098A04F1040A0AEBC8
:10DED0004A0B05EB8B0BDBED018AF0EE000AB0EE8E
:10DEE000480AF2F78DFE68EE808ADBED027A68EE72
:10DEF000277A78EEA78ADBED037A78EEA78A69EEB7
:10DF0000E88A47ED088A053404EB440905EB8909E2
:10DF1000D9ED018AF0EE000AB0EE480AF2F770FE81
:10DF200068EE808AD9ED027A68EE277A78EEA78AC1
:10DF3000D9ED037A78EEA78A69EE688AB0440CAB13
:10DF400003EBC80848ED078A0136F6B2012E7FF6CA
:10DF500031AF002322E003EB43020CA901EBC20224
:10DF600052ED0C7A12ED0B7A77EE877A12ED0A7A7F
:10DF700077EE877A12ED097A77EE877A12ED087AD2
:10DF800077EE877A12ED077A77EE877A03F124022B
:10DF900005EB8202C2ED017A0133DBB2012BDAD943
:10DFA0000DB0BDEC068BBDE8F04F04B0704700002B
:10DFB0000E4BC3ED001A0E4B83ED000A0D4BC3ED63
:10DFC000000A0D4BC3ED000A0C4B83ED000A0C4B0D
:10DFD00083ED001A80ED050AC0ED060AC0ED070AC0
:10DFE00080ED080A80ED091A704700BF1C8B0020E5
:10DFF000308B00202C8B0020288B0020248B0020CD
:10E00000208B0020000000002DE9F04F2DED108B3B
:10E0100083B00446F0EE40BAB0EE60BAB0EE41DA3A
:10E02000F0EE61DA8DED002AF0EE628A06F0D8FE9D
:10E03000B0EE409AB0EE6B0A06F024FFB0EE408AD4
:10E04000B0EE4B0A06F0CCFEF0EE409AB0EE4B0A72
:10E0500006F018FFDFF808A4DAED00CA2CEE899A62
:10E06000F74F97ED00CA6CEE299AF64ED6ED007A7E
:10E0700079EEA79A6CEE88CA2CEE00CA39EEC9EA8E
:10E08000F0EE000AB0EE4E0AF2F7BAFDF0EE40AA4A
:10E090003CEE6C8AF0EE000AB0EE480AF2F7B0FDF2
:10E0A0007AEE80AAE84D95ED000A70EE007A2EEE29
:10E0B00027EA28EE278AF0EE000AF2F7A1FDF0EE3B
:10E0C000000AE24B93ED000AF2F79AFDF0EE000A27
:10E0D000B0EE4E0AF2F794FDB0EE40AAF0EE000A60
:10E0E000B0EE480AF2F78CFD3AEE00AAF0EE000A14
:10E0F000B0EE6A0AF2F784FD3AEE400AF2F7DEFD6E
:10E100007AEE8E0A30EE080AF2F778FD30EE00AAB9
:10E11000B0EE4A0A06F064FED5ED007A20EE278ABA
:10E1200038EE098AB0EE4A0A06F0ACFED5ED007A68
:10E1300020EE279A39EE2C9A78EE690A39EE4C0ACD
:10E14000F2F75CFDF0EE40CAD6ED007AB6EE00FACA
:10E1500067EE8F7A38EE678AF0EE480AB0EE490A29
:10E16000F2F74CFD10EE10BA5846F4F7E1FCB2A3FA
:10E17000D3E90023F4F77CFB804689460098F4F746
:10E18000D7FCCDE9000102460B4640464946F4F76C
:10E190006FFBF4F737FF09EE900AF0EE000AB0EEDD
:10E1A000480AF2F72DFDB0EE408AF0EE000AB0EE1C
:10E1B000490AF2F725FD38EE000AF2F77FFDF0EE8E
:10E1C00040AADFF8A08298ED009A29EE0DDA3DEE24
:10E1D0002BDA29EE2D9A39EE0B9AB0EE4D0A06F0A5
:10E1E000FFFDDAED007A60EE27EAB0EE490A06F0AC
:10E1F000F7FDD7ED007A20EE278AD6ED007A38EECB
:10E20000278AB0EE4D0A06F03DFEDAED007A20EEE8
:10E2100027EAB0EE490A06F035FED7ED007A20EE87
:10E22000279A38EE6E8AF0EE000AB0EE480AF2F74E
:10E23000E7FCB0EE40DA39EE4E9AF0EE000AB0EEAE
:10E24000490AF2F7DDFC3DEE00DAD5ED007A77EE13
:10E25000A77A28EE278A29EE279AF0EE000AB0EE78
:10E26000480AF2F7CDFCF0EE40DAF0EE000AB0EE2C
:10E27000490AF2F7C5FC7DEE80DAF0EE000AB0EE56
:10E280004D0AF2F7BDFC3DEEC00AF2F717FD7DEE38
:10E29000080A30EE090AF2F7B1FC30EE009AB0EE4F
:10E2A000490A06F09DFDD5ED007A20EE278A38EE6A
:10E2B0002E8AB0EE490A06F0E5FDD5ED007A20EE93
:10E2C00027DA3DEE0EDAD6ED007A67EE8F7A38EE79
:10E2D000678AF0EE480AB0EE4D0AF2F78FFC10EEB6
:10E2E000100A79EE4A7A98ED00EAC7EE8EDAF4F772
:10E2F0001FFC51A3D3E90023F4F7BAFADDE90023A8
:10E30000F4F7B6FA06460F4619EE900AF4F710FC39
:10E3100002460B4630463946F4F7AAFA804689464B
:10E320001EEE100AF4F704FC02460B46404649462E
:10E33000F4F780FDF4F766FE09EE100AF0EE000A2D
:10E34000B0EE480AF2F75CFCB0EE408AF0EE000A4C
:10E35000B0EE4D0AF2F754FC38EE000AF2F7AEFCCC
:10E3600030EE6A0A80EE0EDA394D95ED007A3DEE18
:10E37000477ADFED387A87EE278ADFED376A9FED3F
:10E38000377A27EE267A87EE276A38EE068ADFF894
:10E39000D88098ED007A39EE477A87EE27EA3EEE8C
:10E3A00006EAB0EE690A06F01BFD20EE080A38EE18
:10E3B000C08A7DEE0D8A68EE898AB0EE690A06F0A1
:10E3C00061FD68EE808A38EE288A6AEE8E8AB0EEA9
:10E3D000690A06F005FD68EE808A38EE288AF0EEBC
:10E3E000000AB0EE490AF2F70BFC60EE2A8AB0EEA2
:10E3F000690A06F047FD68EE808A38EE288AC4F87C
:10E4000000B0C4ED01BA84ED02AAC4ED03CA84EDE4
:10E4100004BAC4ED0DAA84ED0EDAC4ED0FDAC4ED32
:10E420000A9A30463946F4F7EDFD206384ED0B9AE5
:10E430001CE000BFAFF3008000000060FB21F93F4B
:10E44000248B0020208B00202C8B0020288B002088
:10E45000188B00200BD7233C6F12033C00000000F8
:10E46000308B00201C8B0020148B002084ED158A3B
:10E4700088ED009A85ED00DA03B0BDEC108BBDE8A5
:10E48000F08F00BF10B52DED068B044690ED038A8A
:10E49000D0ED027A78EE679A90ED009A79EE48AA6C
:10E4A00039EE679A90ED01AA3AEE67AAD0ED047AA8
:10E4B00038EE678AD0ED058AB0EE6A0A06F0E2FC13
:10E4C00068EE808AB0EE4A0A06F0DCFC68EE808ACC
:10E4D000B0EE690A06F0D6FCC8EE807AC4ED107A78
:10E4E000D4ED058AB0EE6A0A06F07AFC68EE808AFE
:10E4F000B0EE4A0A06F0C6FC68EE808A94ED0DAADA
:10E50000B0EE690A06F0BEFC2AEE00AAC8EE8A7ACE
:10E51000C4ED117AD4ED088AB0EE490A06F0B2FCD7
:10E5200068EE808AB0EE480A06F0ACFC68EE808A9D
:10E53000B0EE690A06F0A6FCC8EE807AC4ED127A45
:10E54000D4ED088AB0EE490A06F04AFC68EE808AEB
:10E55000B0EE480A06F096FC28EE808AD4ED0D8ACB
:10E56000B0EE690A06F08EFC68EE808AC8EE287A62
:10E57000C4ED137ABDEC068B10BD000010B52DED77
:10E58000048B84B00446B0EE419A90ED105AD0ED61
:10E59000135A65EE256A90ED116AD0ED127A26EED7
:10E5A000277A76EEC76A85EEA67A8DED007AB1EE0F
:10E5B000466AC6EE265ACDED015AB1EE676AC6EE3E
:10E5C000267ACDED027A85EE266A8DED036A27EE76
:10E5D000007A65EEA05A77EE258A67EE807A26EEFD
:10E5E000206A37EE868A90ED0A0A06F0F9FB60EEA3
:10E5F000288A94ED0A0A06F045FC20EE080A94EDFC
:10E600000D7AC0EE077A78EEA78A94ED151ADFED41
:10E61000077A31EE271A21EE091A31EE281A84ED15
:10E62000141A04B0BDEC048B10BD00BFCDCC1C414E
:10E63000D0ED017A90ED0D7AD0ED0E6A37EE267AA4
:10E64000F6EE006A27EE267A67EE877A90ED197A61
:10E6500067EE877AC0ED137A7047D0ED0D7A90EDB2
:10E66000117A27EE877AB5EEC07AF1EE10FA26DD40
:10E67000F5EEC07AF1EE10FA1CDD90ED087AB4EEFA
:10E68000E77AF1EE10FA1ADAD0ED076A37EE266A69
:10E69000B4EEE76AF1EE10FA0FDB90ED136A76EE56
:10E6A000E77A37EE277AC7EE267A66EE277AC0ED4C
:10E6B000137A7047F1EE677ADFE70023C36470478F
:10E6C000D0ED116A90ED137A36EE877A1F4B83ED09
:10E6D000007AD0ED107A76EEA77A90ED126A77EE96
:10E6E000867A1B4BC3ED007AF5EEC07AF1EE10FA94
:10E6F00028DD90ED036AB4EEE76AF1EE10FA0AD570
:10E70000D0ED0D7A66EEA76AF5EEC06AF1EE10FA6A
:10E7100001DD0023C364D0ED067AB4EEE77AF1EEB2
:10E7200010FA03DD0023C364C0ED117AF1EE677ABD
:10E73000B4EEE77AF1EE10FA03D50023C364C0ED1E
:10E74000117A7047F1EE677AD3E700BF388B00206B
:10E75000348B0020D0ED027A90ED0C7AD0ED0B6A6C
:10E7600037EE667A67EE877AD0ED196A87EEA67A79
:10E7700080ED127A704790ED126AD0ED197A26EE8C
:10E78000276A90ED0A7A77EE877AC6EE276A90EDCF
:10E79000166A27EE067A87EE276A76EE867AC0ED4D
:10E7A000127A704790ED146AD0ED197A26EE276A36
:10E7B00090ED097A77EE877AC6EE276A90ED156AB2
:10E7C00027EE067A87EE276A76EE867AC0ED147A0F
:10E7D000704790ED147AD0ED037AB4EEE77AF1EE5B
:10E7E00010FA01DDC0ED147A90ED147AF1EE677A3B
:10E7F000B4EEE77AF1EE10FA01D5C0ED147A704765
:10E8000090ED147AB0EEC77AD0ED037ADFED1D6A91
:10E8100067EEA67AB4EEE77AF1EE10FA2BD4D0EDDB
:10E82000177AB0EEE77ADFED186AB4EEE67AF1EE29
:10E8300010FA20D4D0ED0B6A77EEE67AF0EEE77AA4
:10E84000C7EE876ADFED117AF4EEE76AF1EE10FAAF
:10E8500012DD836EC26E013342F100028366C2662E
:10E86000816EC36E40F2F512914273F1000302D340
:10E87000012380F87030704700220023C0E91A237A
:10E88000EEE700BF6F12833A17B7D1383333733FC7
:10E8900038B505460C4678220021F1F7B9FD23462C
:10E8A0002A462034D3F800E0D3F804C09868D96829
:10E8B000C2F800E0C2F804C09060D160103310329A
:10E8C000A342EFD1186859689B681060516093604B
:10E8D00005F16000FEF7FAFD38BD10B52DED028B95
:10E8E0000446F0EE408AB0EE608A90F91430002BB6
:10E8F00071DB04F16000FEF7E9FD84ED190AC4ED57
:10E900000B8A84ED178A78EE680AC4ED0D0AF5EEDD
:10E91000C00AF1EE10FA61DDF0EE607A94ED047A4F
:10E92000B4EEE77AF1EE10FA73D5D4ED007A60EE2A
:10E93000A77AC4ED107AD4ED017A60EEA77A60EE82
:10E94000277AC4ED137AD4ED027A94ED0E7A70EE44
:10E95000C70A67EEA07A87EE807A84ED127A237D6B
:10E9600013F0040F3DD1237D13F0200F3DD1237D03
:10E9700013F0020F3DD1237D13F0400F3DD1237DD5
:10E9800013F0010F3DD1D4ED117A94ED137A77EEA7
:10E99000877AC4ED117A94ED107A77EE877A94ED48
:10E9A000127A77EE877AC4ED147A237D13F0100F74
:10E9B0002BD12046FFF70DFFE36A236394ED140A81
:10E9C00084ED150AA36CA365636BA363E36CE36337
:10E9D000BDEC028B10BDFFF713FF8AE7F1EE607A02
:10E9E0009CE72046FFF724FEBDE72046FFF735FEF3
:10E9F000BDE72046FFF7AEFEBDE72046FFF7BBFEB2
:10EA0000BDE72046FFF75CFEBDE72046FFF7CAFEE4
:10EA1000CFE700232365E364CEE7000070B504462A
:10EA200000250574827B414E338803FB02F2416866
:10EA3000D0F8F400F1F792FFA27B338803FB02F2D7
:10EA400029466068F1F7E4FCA27B338802FB03F3FC
:10EA500003FB02F22946D4F81801F1F7D9FC227B16
:10EA6000338802FB03F3A27B03FB02F22946D4F8AE
:10EA70000C01F1F7CDFC294601E00131C9B2A37BBD
:10EA80008B422AD9D4F8F4304FEA810C03EB81028F
:10EA9000D2ED007AF5EE407AF1EE10FAEDD0227C5C
:10EAA00003EB8203C3ED007A626A237CD154A06930
:10EAB000D4F80C2194F80CE0257C63695B5C05FBC1
:10EAC0000E3303F18043013B02EB83026044036891
:10EAD0001360237C01332374CFE700230FE0E06948
:10EAE000616A11F803C0D4F8181102FB033201EB7C
:10EAF000820100EB8C0002680A600133DBB2227CE9
:10EB00009A42ECD8A4F87820237BA4F87A30A4F8B1
:10EB10008030A4F88220A4F89020A4F89220A4F8D1
:10EB20009830A4F89A20A4F8482070BD3E8B0020AD
:10EB30002DE9F04704460D4691461E46DFF8B8839E
:10EB40000423A8F80030EB4B08221A80017380F8E8
:10EB50000D908673002707743046F1F74DFB606116
:10EB600032463946F1F754FCB8F800A006FB0AFA21
:10EB70005046F1F741FBA06152463946F1F748FC97
:10EB8000B8F800A006FB0AFA5046F1F735FBE06141
:10EB900052463946F1F73CFCB8F800A005FB0AFAEA
:10EBA0005046F1F729FB206252463946F1F730FC16
:10EBB0003046F1F721FB606232463946F1F728FC16
:10EBC000B8F800A005FB0AFA5046F1F715FB2060E3
:10EBD00052463946F1F71CFCB8F800A006FB0AFAC9
:10EBE0005046F1F709FB606052463946F1F710FCD8
:10EBF000B8F800A009FB0AFA5046F1F7FDFAA06048
:10EC000052463946F1F704FCB8F800A005FB0AFAB1
:10EC10005046F1F7F1FAC4F8E80052463946F1F7E8
:10EC2000F7FBD4F8E8300122217B04F1300005F035
:10EC3000C5FEB8F8008005FB08F84046F1F7DCFA9D
:10EC4000C4F8EC0042463946F1F7E2FBD4F8EC3068
:10EC50000122217B04F1380005F0B0FEB9F1000F6C
:10EC600040F04C81DFF89082B8F8007006FB07F79F
:10EC70003846F1F7C1FAC4F8F4003A460021F1F73A
:10EC8000C7FBD4F8F4300122A17B04F1480005F061
:10EC900095FEB8F8007005FB07F705FB07F7384647
:10ECA000F1F7AAFAC4F8F8003A460021F1F7B0FBF0
:10ECB000217BD4F8F8300A4604F1500005F07EFEBE
:10ECC000B8F8007005FB07F705FB07F73846F1F7C2
:10ECD00093FAC4F8FC003A460021F1F799FB217B36
:10ECE000D4F8FC300A4604F1580005F067FEB8F885
:10ECF000007005FB07F705FB07F73846F1F77CFACC
:10ED00008246C4F800013846F1F776FAC4F80401E7
:10ED10003A4600215046F1F77BFBB8F8002005FB8E
:10ED200002F205FB02F20021D4F80401F1F770FBB6
:10ED3000217BD4F800310A4604F1600005F03EFE64
:10ED4000217BD4F804310A4604F1680005F036FE50
:10ED5000B9F1000F40F0E880674FB7F800A00AFB58
:10ED600006F909FB05F94846F1F746FA8046C4F86A
:10ED70000C010AFB05F006FB00F0F1F73DFAC4F8C0
:10ED800010014A4600214046F1F742FB3A8805FB54
:10ED900002F206FB02F20021D4F81001F1F738FB71
:10EDA000D4F80C31227BA17B04F1780005F006FE3B
:10EDB000D4F81031A27B217B04F1800005F0FEFD28
:10EDC000B7F8008005FB08F808FB05F84046F1F7A6
:10EDD00013FAC4F8140142460021F1F719FB217B14
:10EDE000D4F814310A4604F1880005F0E7FDB7F8BD
:10EDF000008006FB08F808FB06F84046F1F7FCF92E
:10EE0000C4F8180142460021F1F702FBA17BD4F8B7
:10EE100018310A4604F1900005F0D0FD3B8805FB4F
:10EE200003F303FB06F63046F1F7E6F9C4F81C01DC
:10EE300032460021F1F7ECFAD4F81C31A27B217B99
:10EE400004F1980005F0BAFD94F80C803E8808FBA8
:10EE500006F606FB08F52846F1F7CEF90746C4F892
:10EE600020012846F1F7C8F9C4F824012846F1F733
:10EE7000C3F9C4F828013046F1F7BEF9C4F82C01F3
:10EE80003046F1F7B9F9C4F830013B4642464146F5
:10EE900004F1A00005F092FD217BD4F824310A464C
:10EEA00004F1A80005F08AFD217BD4F828310A4638
:10EEB00004F1B00005F082FDD4F82C310122217B51
:10EEC00004F1B80005F07AFDD4F830310122217B3D
:10EED00004F1C00005F072FD002384F8283084F8A6
:10EEE000293084F82A3084F82B3084F82C30BDE89F
:10EEF000F08700BF3C8B00203E8B0020164B1F8804
:10EF000009FB07F73846F1F777F9C4F8F0003A46FD
:10EF10000021F1F77DFAD4F8F0300122617B04F191
:10EF2000400005F04BFD9DE6B8F8003005FB03F30B
:10EF300003FB09F94846F1F75FF9C4F808014A46AE
:10EF40000021F1F765FAD4F80831627B217B04F1E6
:10EF5000700005F033FDFFE63E8B002038B5044617
:10EF6000C37B63B1FFF75AFD627B0E4B1B8803FB2B
:10EF700002F2A168D4F8F000F1F7F0FC38BD827B12
:10EF8000084D2B8803FB02F24168D0F8F400F1F73A
:10EF9000E5FCA27B2B8803FB02F200216068F1F7FD
:10EFA00037FAE1E73E8B002090F82830B3BB70B50C
:10EFB0000446437B43B3037BA0F8B8300126A0F896
:10EFC000BA6000F1B8052A4600F13001603005F062
:10EFD0006FFE84F8C800237BA4F8C030A4F8C26098
:10EFE00004F1C006324604F1400104F1700005F05E
:10EFF0005FFE84F8C80004F138023146284605F067
:10F00000C7FC84F8C80070BD00F1380200F130017F
:10F01000603005F04DFE84F8C800F4E77047F8B59D
:10F0200090F8293003B1F8BD044600F1600600F104
:10F0300068073946304605F0A5FE84F8C80004F19B
:10F0400058052A4604F15001304605F031FE84F897
:10F05000C800B4F85830A4F8A830B4F86A30A4F85E
:10F06000AA3004F1A80632463946284605F020FEAB
:10F0700084F8C8002A4604F18801304605F088FC6F
:10F0800084F8C800CFE72DE9F84390F82A300BB197
:10F09000BDE8F883044600F1780600F180073946A0
:10F0A000304605F06FFE84F8C800B4F87830A4F854
:10F0B000A830B4F85A30A4F8AA3004F1580804F182
:10F0C000A8052A464146304605F0F2FD84F8C800FE
:10F0D000B4F8A830A4F8B030B4F88230A4F8B23054
:10F0E00004F1B00632463946284605F0E1FD84F8C1
:10F0F000C800B4F89030A4F8A030B4F89230A4F866
:10F10000A23004F1A0094A4604F19001304605F00E
:10F110003FFC84F8C8003146484605F053FC84F8AB
:10F12000C800B4F85830A4F8A830B4F88230A4F875
:10F13000AA302A463946404605F0BAFD84F8C80090
:10F1400004F198023146284605F0B2FD84F8C80063
:10F150009EE790F82B3003B170472DE9F04104464B
:10F16000B0F87830A0F8B8300126A0F8BA6000F105
:10F17000380700F1B8052A463946783005F098FD81
:10F1800084F8C800B4F84830A4F8C030A4F8C260CD
:10F1900004F1C0084246294604F1480005F0DCFDB0
:10F1A00084F8C800B4F89830A4F8B830A4F8BA606D
:10F1B0002A46414604F1980005F07AFD84F8C8001B
:10F1C00004F130022946384605F0E2FB84F8C80015
:10F1D000BDE8F081F8B590F82C3003B1F8BD0446D5
:10F1E000B0F89830A0F8A830B0F87A20A0F8AA209B
:10F1F000A0F8B030B0F85A30A0F8B23000F1A8074B
:10F200003A4600F17801983005F052FD84F8C800C4
:10F2100004F1580504F1B00632462946384605F097
:10F2200047FD84F8C80004F150023146284605F035
:10F2300093FD84F8C800D1E738B50446FFF78EFE89
:10F24000D4F8CC300BB1204698472046FFF7ACFEEF
:10F25000D4F8D0300BB1204698472046FFF7DFFEA8
:10F26000D4F8D4300BB120469847237C0BB9E37B0C
:10F27000CBB92046FFF707FFD4F8D8300BB12046B2
:10F2800098472046FFF765FFD4F8DC300BB12046E5
:10F2900098472046FFF79EFFD4F8E0300BB1204698
:10F2A0009847002319E0227B204D2B8803FB02F2B4
:10F2B000D4F8EC10D4F8E800F1F750FB227B2B884F
:10F2C00002FB03F303FB02F2D4F8FC10D4F8F800BD
:10F2D000F1F744FBE0E70133DBB2227B9A4214D919
:10F2E000D4F8F81002FB033201EB820292ED007AAF
:10F2F000216A01EB8301D1ED007AB4EEE77AF1EEF9
:10F3000010FAE8D5C2ED007AE5E7084B1B8803FB4D
:10F3100002F2D4F8E8102068F1F720FBD4F8E430CA
:10F320000BB120469847206838BD00BF3E8B0020B7
:10F33000F6EE007A60EE277A10EE103A074AA2EB5A
:10F34000630307EE103A67EE277A67EE277AB7EE87
:10F35000080A30EE670A27EE000A7047865A375FC0
:10F3600010B52DED048B0446D0F8EC3093ED009AE7
:10F370005C4A82ED009A93ED018A5B4A82ED008A35
:10F38000D3ED028A594AC2ED008AD3ED039A584B55
:10F39000C3ED009A69EE097A28EE087A77EE877A4B
:10F3A00028EEA87A77EE877A29EEA90A37EE800A46
:10F3B000FFF7BEFF4F4B83ED000A00230BE0D4F8AC
:10F3C000EC2002EB8302D2ED007A60EE277AC2EDE8
:10F3D000007A0133DBB2032BF1D9474B93ED6F7AFF
:10F3E00028EE077AD4F80021F6EE007A27EE277A85
:10F3F00082ED047A93ED6F7A28EE877AD4F80021B3
:10F4000027EE277A82ED057A93ED6F7A29EE477A17
:10F41000D4F8002127EE277A82ED0A7A93ED6F7AED
:10F4200029EE877AD4F8002127EE277A82ED0B7A2D
:10F4300093ED6F7A69EEC79AD4F8002169EEA79A26
:10F44000C2ED109A93ED6F7A29EE479AD4F8002115
:10F4500029EE279A82ED119A93ED6F7A68EE878AEA
:10F46000D4F8002168EEA78AC2ED168A93ED6F7A70
:10F4700028EE478AD4F8002128EE278A82ED178AE1
:10F48000D4F8F820D2ED1C6A93ED747AC6EE877A30
:10F49000C2ED1C7AD4F8F820D2ED236A93ED747A89
:10F4A000C6EE877AC2ED237AD4F8F83093ED1C7A51
:10F4B000DFED127AB4EEE77AF1EE10FA01DDC3ED7A
:10F4C0001C7AD4F8F83093ED237ADFED0C7AB4EEA1
:10F4D000E77AF1EE10FA01DDC3ED237ABDEC048B7F
:10F4E00010BD00BF608B00205C8B0020588B00207B
:10F4F000548B0020508B0020188C002000401C46AC
:10F5000038B504469022D0F8F8100848F1F726FAEA
:10F5100048252A46D4F81C110548F1F71FFA2A4657
:10F52000D4F80C110348F1F719FA38BD4C0100204A
:10F53000CC8B0020848B00202DE9F84F044600F18D
:10F54000780500F180073946284605F01BFC84F851
:10F55000C800B4F87830A4F8A830B4F85A30A4F849
:10F56000AA3004F1580A04F1A80842465146284638
:10F5700005F09EFB84F8C800B4F8A830A4F8B030B9
:10F58000B4F88230A4F8B23004F1B0094A463946E2
:10F59000404605F08DFB84F8C800B4F89030A4F81C
:10F5A000A030B4F89230A4F8A23004F1A0052A46A5
:10F5B00004F19001484605F0EBF984F8C80049468B
:10F5C000284605F0FFF984F8C800D4F8EC30D3EDF4
:10F5D000007AC54AC2ED007A93ED016AC34A82ED12
:10F5E000006AD3ED026AC24AC2ED006A93ED037A63
:10F5F000C04B83ED007AB4F87830A4F8B83001231A
:10F60000A4F8BA3066EE075A27EEA65A75EEC55A28
:10F61000D4F82C3175EEA55AC3ED005A67EE865A20
:10F6200026EE875A75EE855AD4F82C3175EEA55A18
:10F63000C3ED015A67EEA77A26EE066A77EEC67A20
:10F6400066EEA66A77EEE67A27EE077AD4F82C31D2
:10F6500077EE877AC3ED027A002512E0D4F82C31D8
:10F6600003EB850393ED000AB0EEC00AF1F76EFAE2
:10F6700005F16002A04B03EB820383ED010A013523
:10F68000EDB2022DEAD9B4F84830A4F8C0304FF0FA
:10F69000010BA4F8C2B004F1B80504F1C00632466B
:10F6A000294604F1480005F057FB84F8C800B4F877
:10F6B000C030A4F8A830A4F8AAB042463146484663
:10F6C00005F0F6FA84F8C800A4F8B8B0B4F8C03071
:10F6D000A4F8BA302946304605F054FB84F8C80037
:10F6E000DFF828B25A464146284605F0E1FA84F888
:10F6F000C8009BED027ADBED037AABF5E07BF6EE1A
:10F70000006A67EEA66AB4EEE67AF1EE10FA02D568
:10F7100001228BF83821B4EEE77AF1EE10FA45DDDC
:10F72000754B93F83831002B40D0734B93F8393137
:10F73000DBB1714AD2F84031D2F84411013341F1C2
:10F740000001C2F84031C2F844116B4BD3F840219C
:10F75000D3F84431332A73F100030CD30023664AF3
:10F7600082F8383184F82C3046E0634B00200021C9
:10F77000C3E95001E9E7227B604D2B8803FB02F2CD
:10F78000D4F8EC10D4F8E800F1F7E8F8227B2B88E5
:10F7900002FB03F303FB02F2D4F8FC10D4F8F800E8
:10F7A000F1F7DCF8012384F82C309AE0DFED546A9D
:10F7B00067EEA66AB4EEE67AF1EE10FA0FDD4E4B74
:10F7C00093F838315BB137EEC77ADFED4E6A67EEFA
:10F7D000A67AC7EE276A484BC3ED676A04E0464B3A
:10F7E0004FF07E52C3F89C21434B00200021C3E917
:10F7F0005001002384F82C30B4F85830A4F8A83015
:10F80000B4F88230A4F8AA3042463946504605F092
:10F810004FFA84F8C80004F198073A464946404632
:10F8200005F046FA84F8C80000230EE0D4F81C2145
:10F8300002EB8302D2ED007A2F4991ED677A67EEF1
:10F84000877AC2ED007A0133DBB2B4F89820B4F8BD
:10F850009A1001FB02F29342E8DB042201E001323C
:10F86000D2B2052A1DD80023022BF8D8D4F81C11D7
:10F8700002EB4200184401EB8001D1ED007A02F165
:10F880005C0C1D4800EB8C0090ED016ADFED1E6AF8
:10F8900086EE267A67EE877AC1ED007A0133DBB215
:10F8A000E2E7B4F89830A4F8B8300123A4F8BA30ED
:10F8B0002A463146384605F0FBF984F8C8000E4B5D
:10F8C00093F83831002B50D1D4F8BC300022DA60E4
:10F8D00004F13002294604F1380005F059F884F8A3
:10F8E000C800BDE8F88F00BF808B00207C8B002013
:10F8F000788B0020748B0020188C00203E8B002019
:10F90000CDCCCC3D6666663FDA0FC93FD88D00206E
:10F910000133DBB2052BD7D8D4F8BC20990002EB19
:10F92000830292ED007A1248D0ED6F7ADFED116A12
:10F9300067EEA67AB4EEE77AF1EE10FA01DDC2EDD9
:10F94000007AD4F8BC200A4492ED007A0849D1ED3F
:10F950006F7ADFED096A67EEA67AB4EEE77AF1EE28
:10F9600010FAD5D5C2ED007AD2E70423D2E700BF62
:10F97000188C00200AD7233C0AD723BC10B52DEDE4
:10F98000048B0446D0F8EC3093ED009A39EE099AD6
:10F990002E4A82ED009A93ED018A38EE088A2C4AAD
:10F9A00082ED008AD3ED029A79EEA99A294AC2ED36
:10F9B000009AD3ED038A78EEA88A274BC3ED008A1C
:10F9C000827B264B1B8802FB03F3027B03FB02F2C4
:10F9D0000021D0F80C01F0F71BFDD4F80C31F1EE4A
:10F9E000697AC3ED007AD4F80C31C3ED018AD4F8FA
:10F9F0000C31B1EE497A83ED027AD4F80C3183ED03
:10FA0000038AD4F80C3183ED068AD4F80C3183EDE7
:10FA1000079AD4F80C31C3ED088AD4F80C31C3ED41
:10FA2000099AD4F80C3183ED0C9AD4F80C31B1EE6C
:10FA3000488A83ED0D8AD4F80C31C3ED0E7AD4F8E0
:10FA40000C31C3ED0F8ABDEC048B10BD708B002010
:10FA50006C8B0020688B0020648B00203E8B002084
:10FA600038B504462F4B01221A7083ED6C0AC3EDA2
:10FA70006D0A83ED6E1A2C4AC3F8CC21002283F85C
:10FA8000382100200021C3E95001C3E95201F7EEFB
:10FA9000007AF4EEE71AF1EE10FA01DDF0EE671AE3
:10FAA000204DC5ED741A85ED642A0323002206213A
:10FAB000281DFFF73DF805F5E4730122114605F511
:10FAC000E07004F07BFF002309E0164AD2F8EC2036
:10FAD00002EB830204EB8301096811600133032BFD
:10FAE000F3DD104C114BC4F8D030114BC4F8D430B6
:10FAF000104BC4F8D830104BC4F8DC30012384F824
:10FB00002E3084F82F3090252A460C49D4F8040171
:10FB1000F0F724FF2A460A49D4F8FC00F0F71EFF4C
:10FB200038BD00BF188C002077CC2B3201F50008BF
:10FB300061F300087DF9000839F5000884580108D0
:10FB40004C01002010B52DED088BF0EE61AAB0EE4F
:10FB500042AAF0EE629A804C84ED6F3AD4ED587A66
:10FB600030EE670A84ED5B0AD4ED597A70EEE70A4D
:10FB7000C4ED5C0AD4ED5A7A31EE671A84ED5D1A51
:10FB8000F6EE007A20EE270A20EE039A734B83EDFF
:10FB9000009A60EEA70A20EE838A714B83ED008AFB
:10FBA00021EE271A61EE038A6E4BC3ED008A902284
:10FBB0006D49D4F80401F0F7D1FED4F80431F1EE28
:10FBC000497AC3ED017AD4F80431F1EE486AC3ED05
:10FBD000026AD4F80431B1EE687A83ED037AD4F87E
:10FBE000043183ED069AD4F80431C3ED088AD4F8C1
:10FBF0000431C3ED096AD4F8043183ED0C8AD4F8DA
:10FC0000043183ED0D7AD4F8043183ED0F9AD4F8E2
:10FC10000431C3ED128AD4F8043183ED138AD4F889
:10FC20000431C3ED147AD4F84831D4F84C2113438D
:10FC300005D1C4ED5EAA84ED5FAAC4ED609A464B7F
:10FC400093ED5E7AD3ED645A27EE257A93ED6F6AD1
:10FC500075EE866AC7EE267A66EE2AAA8AEEA67A3C
:10FC600077EE877AC3ED5E7A93ED5F5A25EE855A7B
:10FC700085EE267A26EE0AAA8AEE265A37EE057A0D
:10FC800083ED5F7A93ED605A65EE855A85EEA60A9C
:10FC900026EE296AC6EE265A30EE250A83ED600A62
:10FCA00067EEA77A27EE077A77EE877A20EE000ACA
:10FCB00037EE800AFFF73CFBB0EE408A2B4B83ED1A
:10FCC000000A00230FE0244903F15E0201EB8202E7
:10FCD000D2ED007A8A6802EB830268EE277AC2EDE1
:10FCE000007A0133DBB2022BEDD91B4C94ED5B0A99
:10FCF00020EE000AD4ED5C7A67EEA77A70EE277AE0
:10FD000094ED5D0A20EE000A37EE800AFFF710FB43
:10FD1000B7EE007AC7EE007AC4ED657AC7EE086ADE
:10FD2000C4ED666A9FED127AF4EEC77AF1EE10FA2E
:10FD300024D5DFED107AF4EEE76AF1EE10FA1DDD5E
:10FD4000DFED0D7AF4EEE76AF1EE10FA16D5012236
:10FD500084F8392116E000BF188C00204C8B00205D
:10FD6000488B0020448B002084580108408B0020E1
:10FD70009A99993ECDCC1441CDCC2441744B0022AC
:10FD800083F83921724CD4ED6C7A94ED6F7AD4F803
:10FD9000183167EE877AC3ED007AD4ED6C7A94ED72
:10FDA0006F7AD4F8183167EE877AC3ED077AD4ED0D
:10FDB0006C7A94ED6F7AD4F8183167EE877AC3EDD8
:10FDC0000E7AD4ED6C7A94ED6F7AD4F8183167EE30
:10FDD000877AC3ED157AD4ED6D7A94ED6F7AD4F805
:10FDE000183167EE877AC3ED1C7AD4ED6D7A94ED05
:10FDF0006F7AD4F8183167EE877AC3ED237AD4F896
:10FE00001C21D4F8B8311360D4F81C211361D4F844
:10FE10001C31D4F8B8211A62201DFFF70DFA63686F
:10FE2000D3ED008AC4ED548A93ED018A84ED558A9E
:10FE3000D3ED02AAC4ED56AA93ED03AA84ED57AA06
:10FE40001A69C4F860215B69C4F864310023C4F8FE
:10FE5000683128EE8A0A68EE2A7A30EE270A28EE00
:10FE6000A89A68EE080A79EE200A70EEA00AF7EE6A
:10FE700000BA70EEEB0A30EE000AF0F7BFFE9FED1D
:10FE800035BA60EE0B9AC4ED6A9A28EE880A6AEEDB
:10FE90008A7A30EE270A6AEE0A7A39EE279A39EE24
:10FEA000099A79EE6B0A30EE000AF0F7A7FE20EE11
:10FEB0000B0A84ED690A28EE0A8A68EEAA8A38EEEF
:10FEC000688AB8EE000A28EE000AF0F76BFE20EE12
:10FED0000B0A84ED680AD4ED767A79EEE77A9FED25
:10FEE0001E7AF4EEC77AF1EE10FA23DDB4F9D431BC
:10FEF000013BA4F8D431164BB3F9D42107EE902A74
:10FF0000F8EEE77A9FED157A67EE877A79EEA77AB1
:10FF1000C3ED6B7AC3ED769AD3F84821D3F84C1130
:10FF2000013241F10001C3F84821C3F84C11BDEC86
:10FF3000088B10BD9FED0A7AF4EEC77AF1EE10FA45
:10FF4000D9D5034AB2F9D4310133A2F8D431D2E77A
:10FF5000188C0020E12E6542000034430000B443B9
:10FF6000000034C3034610B10020024609E0704788
:10FF700013F801CB8CEA000C034810F80C00013296
:10FF800092B28A42F4D37047145901084FF0000C22
:10FF900017E05208C1F34F0101339BB2072B09D878
:10FFA00082EA010010F0010FF3D04AF2010080EA6A
:10FFB0005202EFE7084B23F81C200CF1010C1FFA4A
:10FFC0008CFCBCF1FF0F03D8614600221346E5E725
:10FFD000024B01221A707047F88D0020F88F002024
:10FFE00038B504460D46104B1B782BB13CB14FF091
:10FFF000000C4FF6FF7014E0FFF7C8FFF6E74FF66E
:020000040801F1
:10000000FF7010E0234613F8012B4240D2B207499B
:1000100031F8122082EA10200CF1010C1FFA8CFC3E
:100020001C46AC45EED338BDF88F0020F88D00207B
:10003000F0EE405AB5EEC00AF1EE10FA1ED9F6EE17
:10004000007A20EE270A9FED0F6A25EE866A60EEA1
:10005000007A77EEE57A70EE006A87EEA67A30EEE7
:10006000470AB4EEE76AF1EE10FAF0D4B1EE467A40
:10007000B4EEE77AF1EE10FAE9DC70479FED020A80
:10008000704700BF6F12833A00000000B4EEE00A30
:10009000F1EE10FA07D4B4EEC10AF1EE10FA04DD65
:1000A000B0EE410A7047B0EE600A7047884203DB49
:1000B000904202DD1046704708467047FDEEC07A58
:1000C0000C4BC3ED007AB8EEE77A30EE470A0A4BE4
:1000D00083ED000AB6EE007AB4EEC70AF1EE10FA2C
:1000E00004DD17EE903A0133024A1360014B1868A1
:1000F000704700BF00900020FC8F002010B52DED50
:10010000048B044690ED009A69EE097AD0ED018ADD
:1001100028EEA87A77EE877A90ED028A28EE080A10
:1001200037EE800AFFF784FFC9EE007AC4ED007A4B
:10013000C8EE807AC4ED017AC8EE007AC4ED027A86
:100140002046BDEC048B10BDD0ED017A91ED027A12
:1001500067EE877A90ED027AD1ED016A27EE267A72
:1001600077EEC77AC2ED007AD0ED027A91ED007A8F
:1001700067EE877A90ED007AD1ED026A27EE267A53
:1001800077EEC77AC2ED017AD0ED007A91ED017A6F
:1001900067EE877A90ED017AD1ED006A27EE267A34
:1001A00077EEC77AC2ED027A7047D0ED007A91ED12
:1001B000007A67EE877A90ED017AD1ED016A27EE39
:1001C000267A77EE877A90ED020A91ED027A20EE98
:1001D000070A37EE800A704738B50D46144640F0DE
:1001E000800000F00DFD06E0552000F009FD05F847
:1001F000010B013CE4B2002CF6D138BD10B50C4621
:1002000000F0FEFC204600F0FBFC10BD10B50C46D3
:1002100040F0800000F0F4FC552000F0F1FC20706C
:1002200010BD000030B52DED048B89B004460023CD
:1002300006930793FDF7D8F9BF4B83ED000A9FEDB6
:10024000BF8AF0EE488AFDF7CFF9BB4BD3ED007AB9
:1002500030EE670AF2EE087AB4EEE70AF1EE10FA31
:100260000CDC9FEDB70AFDF703FA002323636362FA
:10027000A362E362B0EE689A0025DAE0B14B6362F4
:10028000B14BA362E362B14B2363B14BA36194ED25
:100290000C7ADFEDB06AC6EE877AC4ED087A09B051
:1002A000BDEC048B30BD9DF81B301B021BB29DF8CA
:1002B0001A20134307EE903AA74B93ED007AF8EE1D
:1002C000E77A67EE877AC4ED037AD4ED096A77EEB0
:1002D000A67AC4ED097A9DF81D301B021BB29DF869
:1002E0001C20134307EE903AF8EEE77A67EE877A20
:1002F000C4ED047AD4ED0A6A77EEA67AC4ED0A7AE0
:100300009DF81F301B021BB29DF81E20134307EE01
:10031000903AF8EEE77A67EE877AC4ED057A94EDC5
:100320000B7A77EE877AC4ED0B7AE6E00023022B96
:100330000DD89A1C04EB8202516808AA02EB8302D2
:1003400042F8141C42F8201C0133DBB2EFE7B0EE98
:10035000688A78EEC86A814BC3ED006A00233BE0EF
:100360000133DBB2022B24D819469A1C04EB82021B
:10037000D2ED017A08AA02EB830212ED057AF4EEBF
:10038000C77AF1EE10FA04DD08AA02EB830242ED0F
:10039000057A08AA02EB810212ED087AF4EEC77A18
:1003A000F1EE10FADCD508AA02EB810141ED087AE2
:1003B000D6E7F0EE498ACCE708AA02EB830252EDB9
:1003C000057A12ED087A77EEC77A654A02EB830266
:1003D000C2ED007A0133DBB2022BEDD9F6EE007AE2
:1003E000F4EEE76AF1EE10FA00F39C805C4B93EDBB
:1003F000007ADFED5C7AB4EEE77AF1EE10FA00F302
:10040000918093ED017AB4EEE77AF1EE10FA00F301
:10041000898093ED027AB4EEE77AF1EE10FA00F3F8
:1004200081809FED510AFDF723F90135ADB2B0EEA1
:10043000689A41F26F739D4272D800F0B9FB922026
:1004400000F0DEFB062206A91220FFF7C5FE00F031
:10045000B9FB9DF819301B021BB29DF818201343FD
:1004600007EE903AF8EEE77A404A92ED007A67EEAE
:10047000877AC4ED007A9DF81B301B021BB29DF8F1
:100480001A100B4307EE103AD2ED006AB8EEC77AA5
:1004900027EE267A84ED017A9DF81D301B021BB2EF
:1004A0009DF81C20134300EE103AB8EEC00A20EE6F
:1004B000260A84ED020A67EEA77A27EE077A77EE1E
:1004C000877A20EE000A37EE800AF0F7F7FBF0EEAD
:1004D000408AD4ED0C7A77EE807AC4ED0C7A00F085
:1004E0007BFB082206A90020FFF776FE00F07EFBCA
:1004F0009DF818300F2B3FF4D6AE002D3FF416AF09
:10050000B4EEE89AF1EE10FA01D5B0EE689AB4EEC6
:10051000E88AF1EE10FA01DDB0EE688A002321E7E7
:10052000F0EE498AD4ED0C6A9FED117AC6EE877A17
:10053000C4ED0C7A00232BE0109000200000000096
:100540000AD7A33BAC38223BB016CE393F161B412D
:1005500000002042C3F51C41E00100204C90002027
:10056000509000209A99193E6F12033AE40100203E
:100570000080BB4503F1080204EB8202D2ED016A60
:100580001FED057AC6EE877AC2ED017A0133DBB240
:10059000022BEFD900F00CFBA22000F031FB02226D
:1005A00006A92220FFF718FE00F00CFB9DF818208A
:1005B0009DF819305B0943EAC203B3F5806F01DB94
:1005C000A3F5006307EE903AF8EEE77AB4EE007A0E
:1005D00067EE877AB3EE077A77EE877AC4ED067A0C
:1005E0002D4A1388013313802C4B93ED007AF6EEDD
:1005F000007AB4EEE77AF1EE10FA3FF724AED4EDCC
:100600000C7A9FED277A77EEC77AF0EEE77AB6EEAE
:10061000007AF4EEC77AF1EE10FA3FF714AE214BF0
:1006200093ED007ADFED207AB4EEE77AF1EE10FA7E
:100630003FF709AE93ED017AB4EEE77AF1EE10FAE6
:100640003FF701AE93ED027AB4EEE77AF1EE10FADD
:100650003FF7F9ADD4ED097AF0EEE77A9FED137A22
:10066000F4EEC77AF1EE10FA3FF7EDADD4ED0A7A69
:10067000F0EEE77AF4EEC77AF1EE10FA3FF7E3AD69
:10068000D4ED0B7AF0EEE77AF4EEC77AF1EE10FAD9
:100690003FF7D9ADFBE500BF489000204C9000200B
:1006A000CDCC1C41509000209A99193E0AD7233C8A
:1006B00070B52DED028B00F07BFA802000F0A0FADF
:1006C000552000F09DFA552000F09AFA4C4C20700D
:1006D00000F078FA9FED4B8AB0EE480AFCF7C8FFAD
:1006E00000F066FA802000F08BFA552000F088FABE
:1006F000552000F085FA207000F064FAB0EE480A48
:10070000FCF7B6FF00F054FAB6217E20FFF776FD25
:1007100000F058FA9FED3C0AFCF7AAFF00F048FAF7
:10072000802000F06DFA552000F06AFA552000F0A4
:1007300067FA207000F046FAB0EE480AFCF798FF1E
:1007400000F036FA802000F05BFA552000F058FAED
:10075000552000F055FA207000F034FAB0EE480A47
:10076000FCF786FF23781E2B48D1284B00221A70F5
:1007700002E00133254A1370244B1B78052B39D82E
:1007800000F016FA214D2B78214C03EB4303E218BD
:100790005178E05CFFF732FD00F014FA9FED198A02
:1007A000B0EE480AFCF764FF00F002FA2B7803EB86
:1007B0004303E05C40F0800000F022FA552000F096
:1007C0001FFA552000F01CFA0D4E307000F0FAF9B7
:1007D000B0EE480AFCF74CFF2B7803EB43021444BD
:1007E000617832789142C4D0A2780A4908780243ED
:1007F0000A70BEE70020BDEC028B70BDFF20FAE757
:100800005E9000206F12833A0AD7A33D5D900020CE
:10081000285A01085C90002070B52DED028B00F085
:10082000DBF9454C21460020FFF7F0FC00F0DEF933
:100830009FED428AB0EE480AFCF71AFF00F0CCF9AF
:1008400021460020FFF7E2FC00F0D0F9B0EE480AA4
:10085000FCF70EFF00F0C0F9B6211420FFF7CEFC24
:1008600000F0C4F99FED360AFCF702FF00F0B4F97E
:1008700021460020FFF7CAFC00F0B8F9B0EE480AA4
:10088000FCF7F6FE00F0A8F921460020FFF7BEFCB9
:1008900000F0ACF9B0EE480AFCF7EAFE23780F2B23
:1008A00048D1284B00221A7003E0264A13780133FE
:1008B0001370244B1B78052B38D800F08DF9214D8F
:1008C0002B78214C03EB4303E2185178E05CFFF7EF
:1008D00095FC00F08BF99FED198AB0EE480AFCF701
:1008E000C7FE00F079F9144E2B7803EB4303314631
:1008F000E05CFFF78BFC00F079F9B0EE480AFCF7FA
:10090000B7FE2B7803EB43021444617832789142AE
:10091000CBD0013BDBB22B7003EB43030B4A1344F8
:100920009B780B4A11780B431370BEE70020BDEC97
:10093000028B70BDFF20FAE75E9000206F12833AB1
:100940000AD7A33D5D900020145A0108285A0108D7
:100950005C90002038B50D46114B1860114C0023F7
:100960002370FFF7A5FE237818432070FFF754FF8C
:1009700023781843207075B90B4B0C4A5A620C4A05
:100980009A62DA620B4A1A630B4A1A620B4A9A613C
:10099000044B187838BD0448FFF744FCF8E700BF63
:1009A000609000205C90002014900020AC38223B26
:1009B000B016CE393F161B41C48B813F0000204248
:1009C00038B5054600F0F4F8922000F019F9734CA0
:1009D000062221461220FFF7FFFB00F0F3F86378B0
:1009E0001B021BB2227813436D4A138007EE903A24
:1009F000F8EEE77A6B4991ED007A67EE877A95ED2C
:100A0000087A67EE877AC5ED007AE3781B021BB29D
:100A1000A07803431380D1ED006A07EE903AF8EE18
:100A2000E77A67EEA67A67EE277AC5ED017A6379F1
:100A30001B021BB221790B43138007EE903AF8EEAC
:100A4000E77A67EEA67A27EE277A85ED027A00F03C
:100A5000C3F8082221460020FFF7BEFB00F0C6F8CD
:100A600023780F2B2BD000F0A3F8A22000F0C8F8B9
:100A70004A4C022221462220FFF7AEFB00F0A2F8EA
:100A8000227863785B0943EAC203454A1380B3F5D1
:100A9000806F02DBA3F500631380414BB3F9003094
:100AA00007EE903AF8EEE77AB4EE007A67EE877ACE
:100AB000B3EE077A77EE877AC5ED077A38BD3A4B01
:100AC0001B78002B3AD0E3781B021BB2A1780B43B2
:100AD00033490B80354890ED007A07EE903AF8EEF6
:100AE000E77A67EE877AD5ED096A77EEE67AC5EDA3
:100AF000037A63791B021BB2207903430B8007EE54
:100B0000903AF8EEE77A67EE877AD5ED0A6A77EEE3
:100B1000E67AC5ED047AE3791B021BB2A27913438E
:100B20000B8007EE903AF8EEE77A67EE877A95ED5C
:100B30000B7A77EEC77AC5ED057A94E7174AD37832
:100B40001B021BB291780B4315490B80174890ED9F
:100B5000007A07EE903AF8EEE77A67EE877AC5ED0D
:100B6000037A53791B021BB2107903430B8007EE03
:100B7000903AF8EEE77A67EE877AC5ED047AD37992
:100B80001B021BB2927913430B8007EE903AF8EEEA
:100B9000E77A67EE877AC5ED057A64E7089000206A
:100BA00004900020E4010020DC010020E00100208E
:100BB00008B5002210210248F6F78AFC08BD00BFE4
:100BC0000000024008B5012210210248F6F780FC1F
:100BD00008BD00BF0000024008B500220121024804
:100BE000F6F776FC08BD00BF0004024008B50122FC
:100BF00011460248F6F76CFC08BD00BF0004024035
:100C000000B587B08DF80F004FF47A73009301237D
:100C10000DF117020DF10F0104480068F8F7CFFF3E
:100C20009DF8170007B05DF804FB00BF609000203E
:100C3000014B1B68586370471815002070B52DEDE7
:100C4000028B8AB006460024079408940994002376
:100C5000049305934FF07E530693019402940394FA
:100C600021E0354D2846FFF7ABFE95ED007ADDED2E
:100C7000077A77EE877ACDED077A95ED017ADDED8B
:100C8000087A77EE877ACDED087A95ED027ADDED78
:100C9000097A77EE877ACDED097A9FED280AFCF77D
:100CA000E7FC0134E4B2632CDBD900230CE00AAA90
:100CB00002EB830252ED036A9FED217AC6EE877A3A
:100CC00042ED037A0133DBB2022BF0D907A8FFF71C
:100CD00015FA04A907A8FFF768FAEFF737FFB0EE97
:100CE000408A01AA04A907A8FFF72EFA01A8FFF776
:100CF00005FAF6EE007A28EE278AB0EE480AEFF7FA
:100D0000FFFF86ED000A002410E00AAB03EB84032A
:100D100053ED098AB0EE480AF0F732F8013406EBD9
:100D2000840368EE808AC3ED008AE4B2012CECD91A
:100D30000AB0BDEC028B70BD149000206F12833A94
:100D40000000C84270B52DED068B86B004460D46F6
:100D5000164690ED040A9F4BD3ED007A70EE677A49
:100D6000F0EEE77A9FED9C7AF4EEC77AF1EE10FA96
:100D700022DCD0ED057A994B93ED007A77EEC77AB5
:100D8000F0EEE77A9FED947AF4EEC77AF1EE10FA7E
:100D900012DCD0ED067A924B93ED007A77EEC77AAB
:100DA000F0EEE77A9FED8C7AF4EEC77AF1EE10FA66
:100DB00002DC0378002B6ED09FED8AAA80EE0A0A2F
:100DC00004F00EF8B0EE409A94ED050A80EE0A0A9F
:100DD00004F006F8F0EE408A94ED060A80EE0A0A66
:100DE00003F0FEFFF0EE40AA94ED040A80EE0A0A3A
:100DF00004F048F8B0EE408A94ED050A80EE0A0A45
:100E000004F040F8F0EE409A94ED060A80EE0A0AEB
:100E100004F038F869EE2A6A28EE297A27EE007A7B
:100E200036EE877A704B83ED007A28EE887A6F4B26
:100E300083ED007A29EE007A2AEE886A66EE295A56
:100E400037EE657A6A4B83ED007A29EE297A27EE30
:100E5000007A37EE467A674B83ED007A29EE289ABE
:100E6000654B83ED009A28EE408A66EEA96A38EE5B
:100E7000668A624B83ED008A68EEC07A604BC3EDF0
:100E8000007A604BC3ED009A68EEAA8A5E4BC3ED10
:100E9000008A00232370002310E005EB8302D2EDCB
:100EA000007A04EB830292ED017A67EE877A06AA54
:100EB00002EB830242ED037A0133DBB2022BECD961
:100EC000DDED037A484B93ED006A27EE867A9DEDBF
:100ED000045A464BD3ED002A65EE226A37EE267A95
:100EE000DDED055A424B93ED003A65EE836A37EE2D
:100EF000267A85ED007A3F4BD3ED006A27EEA67A7D
:100F00003D4BD3ED003A65EE234A37EE247A3B4B56
:100F100093ED004A65EE844A37EE247A85ED017A36
:100F2000374B93ED007A67EE877A364BD3ED004A64
:100F300025EE245A77EE857A334B93ED005A65EE11
:100F4000855A77EEA57AC5ED027A002309E006EB13
:100F50008302116806AA02EB830242F8181C0133CF
:100F6000DBB2022BF3D99DED002A26EE026ADDEDFD
:100F7000015A62EEA52A36EE226ADDED027A23EEF0
:100F8000273A36EE036A86ED006A66EE826A63EE01
:100F9000A53A76EEA36A24EE274A76EE846AC6ED79
:100FA000016A27EE027A64EEA54A37EE247A25EE2E
:100FB000275A37EE057A86ED027A2269054B1A60C8
:100FC0006269064B1A60A269054B1A6006B0BDEC57
:100FD000068B70BD909000206F12833A8C90002099
:100FE00088900020E12E65428490002080900020AF
:100FF0007C90002078900020749000207090002059
:101000006C900020689000206490002010B50F4C78
:10101000DFED0F0A0F4B93ED070A2046FDF75DFC4D
:1010200094ED140AFFF74AF800EE100A9FED0A1A31
:10103000DFED0A0AB8EEC00AFFF728F8BCEEC00AD6
:1010400010EE103A98B2FFF7F3FD10BDA890002003
:1010500000002042149000200000804F000000009B
:101060002E4B93F878300BB12D48704730B52DEDED
:10107000028B91B0294B012283F878200021294866
:10108000F9F77AFB01212848FFF764FC0028F9D121
:10109000264BB7EE008A83ED018A83ED028A83ED49
:1010A000038ADFED238AC3ED048AC3ED058AC3ED0D
:1010B000068A01251D7000240C940D940E940F9443
:1010C0000CA8FFF7BBFDB0EE682AF0EE481A9FEDC2
:1010D000191ADFED190AB2EE040A0CA8FEF7C0FCDB
:1010E0002C22214601A8EFF793F9144B0193144BDE
:1010F0000293144B04938DF81850134B079301A9D6
:101100001248FDF7C5FB054B114A9A621148FCF7DE
:10111000DDF9034811B0BDEC028B30BD3C910020DD
:101120008C91002018150020C01400202091002070
:1011300000000000002474496F12833A00007A44D2
:101140000000A0410000FA4400009643A89000204F
:1011500096430B3CA090002092ED026A66EE067A60
:10116000F6EE006A76EEE77A92ED037A67EE075ABA
:1011700077EEE57AD0ED005A67EEA57AD2ED014A16
:1011800066EE245A92ED005A27EE054A75EEC45ACF
:1011900090ED014A65EE845A77EEA57A27EE247A1F
:1011A00026EE056A37EE067A90ED026A27EE067A99
:1011B00077EE877A77EEA77AC1ED007AD2ED015A01
:1011C00092ED027A65EE877AD2ED004A92ED035AEB
:1011D00024EE856A77EE867A90ED006A67EE867A6D
:1011E00025EEA56A36EEC66A25EE054A36EE446A55
:1011F00090ED014A26EE046A77EE867A27EE057AAC
:1012000065EEA45A37EE657A90ED026A27EE067A0B
:1012100077EE877A77EEA77AC1ED017AD2ED015A9F
:1012200092ED037A65EE877A92ED005A92ED026AAA
:1012300065EE064A77EEE47AD0ED004A67EEA47ACE
:1012400027EE067A25EE855A37EE057A90ED015A9B
:1012500027EE057A77EE877A65EEA55A76EEE56A8F
:1012600026EE066A76EEC66A90ED027A66EE876A28
:1012700077EEA67A77EEA77AC1ED027A704792ED03
:10128000026A66EE067AF6EE006A76EEE77A92ED8C
:10129000037A67EE075A77EEE57AD0ED005A67EEEB
:1012A000A57AD2ED014A66EE245A92ED005A27EE55
:1012B000054A75EE845A90ED014A65EE845A77EE40
:1012C000A57A27EE247A26EE056A37EE467A90ED67
:1012D000026A27EE067A77EE877A77EEA77AC1ED73
:1012E000007AD2ED015A92ED027A65EE877AD2ED5C
:1012F000004A92ED035A24EE856A77EEC67A90EDA5
:10130000006A67EE867A25EEA56A36EEC66A25EE95
:10131000054A36EE446A90ED014A26EE046A77EEFD
:10132000867A27EE057A65EEA45A37EE257A90ED97
:10133000026A27EE067A77EE877A77EEA77AC1ED12
:10134000017AD2ED015A92ED037A65EE877A92ED39
:10135000005A92ED026A65EE064A77EEA47AD0ED65
:10136000004A67EEA47A27EE067A25EE855A37EE14
:10137000457A90ED015A27EE057A77EE877A65EE89
:10138000A55A76EEE56A26EE066A76EEC66A90ED16
:10139000027A66EE876A77EEA67A77EEA77AC1EDD3
:1013A000027A704770B586B0002303930493534BC1
:1013B00005935348FCF78AF8524E86ED000A524BCB
:1013C000D3ED007A77EE807AC3ED007A4F4D284650
:1013D000FFF7F6FA2B684E4CE3656B682366AB6843
:1013E0006366EB6823652B6963656B69A36504F12C
:1013F0005C0204F150014748FFF7A4FC96ED003A67
:10140000D4ED192A94ED182AD4ED171A94ED161A72
:10141000D4ED150A94ED140AFEF794FB3E4B0FCB66
:1014200084E80F00224604F12C013C48FFF794FEAB
:10143000224604F138013A48FFF78EFE224604F1B5
:1014400044013848FFF788FE2246694603A8FFF7A3
:1014500016FF002327E02E4A03F1160102EB81015B
:1014600091ED017A06A901EB830151ED067A37EE81
:10147000677A2449D1ED007A27EE277AD2ED0A6AFD
:1014800077EEA67A87EE276A191D02EB810292EDAC
:10149000007A66EE876A86EEA77A76EE077AC2ED64
:1014A000007A0133DBB2022BD5D9194C224604F164
:1014B0001C0104F11000FFF74FFE1B4B93ED6A0A6D
:1014C00084ED1C0AD3ED690AC4ED1B0A93ED681A7A
:1014D00084ED1A1AD3F8AC31636700F037F8134B78
:1014E0001B6813F0010F05D0104A13680133136015
:1014F00006B070BDFFF78AFDF6E700BFC3F51C41DB
:10150000A09000209C900020989000201490002033
:101510003C91002020910020688D0020545A010841
:10152000485A01083C5A0108188C00209490002069
:101530007047000008B50349034B186800F094F8A1
:1015400008BD00BFEC910020D4910020704700003E
:1015500010B586B004AB0024049405940B4A0592A0
:1015600093E80300FCF7CCFB094B1860019402944C
:1015700003940523ADF80430064B029301A801F053
:10158000EDFB054B1860054806B010BD3515010888
:10159000D491002031150108D8910020EC91002051
:1015A00030B583B0074C084D009523460D220749FE
:1015B000012000F00DF829882046FCF7AFFB03B0AE
:1015C00030BD00BFBC910020B8910020DD9100200B
:1015D000F8B507460E4615461C46531C9B00204A8C
:1015E00013805A22227063701B0AA37003212046C5
:1015F000FEF7B8FCE07027713F0A67714FF0000CEE
:1016000011E02EF0030EDCF100030CF0030003F0F8
:10161000030358BF58420CF10603B6441EF80020DD
:10162000E2540CF1010CBCEB850F06DAE646BCF186
:10163000000FE6DA0CF1030EE3E7094D29880631C5
:1016400089B22046FEF7CCFC064B18802B889A1DE9
:10165000A054DA1D000AA0540833069A1380F8BD7E
:101660000A92002008920020084B11221A80D0F81C
:1016700001C0D0F80520D0F80930C1F800C04A6098
:101680008B60437B0B730020704700BF06920020E5
:1016900030B491F804C00CF1FF33DBB290F8A6210E
:1016A000012A3ED054B2002C73D0023AD2B2012AA1
:1016B0006FD8032B16D80C68374A94420FD01A46BD
:1016C000042403F201238B60344B4FF0010C03F828
:1016D00004C080F8A52180F8A44100230EE01A463A
:1016E0000124EEE7ACF10502D2B22B4C0D68A54205
:1016F00001D00324E5E70024E3E70133284A127808
:101700009A4247D9274A52F82320D2F8A021D2F88A
:1017100000C008688445F0D1506B8A689042ECD1D3
:10172000FEE7032B16D80C681B4A94420FD01A46CA
:10173000032403F205238B60184B4FF0010C03F8D0
:1017400004C080F8A52180F8A44100230EE01A46C9
:101750000024EEE7ACF10502D2B20F4C0D68A542B1
:1017600001D00524E5E70224E3E701330C4A1278AF
:101770009A420FD90B4A52F82320D2F8A021D2F86E
:1017800000C008688445F0D1506B8A689042ECD163
:10179000FEE7FEE730BC7047CC1100200C92002021
:1017A00044920020149200207047000038B505468E
:1017B000D0F84140D4F8AC0101F0F4FA04F5D87047
:1017C000FBF784FE84ED6D0A6188218095F82C304A
:1017D00095F82D2042EA0322628007EE902AF8EE67
:1017E000676ADFED2F7A66EEA76AC4ED016AD4ED71
:1017F000027A9FED2C7A27EE877A95F82E0095F8DD
:101800002F3043EA00231BB207EE903AF8EEE77A56
:101810009FED256A67EE867A77EE277AC4ED027A25
:10182000B4F90C3007EE903AF8EEE77A9FED1F7AA4
:1018300067EE877A95F8300095F8313043EA002357
:101840001BB207EE103AB8EEC77A9FED196A27EE81
:10185000067A77EE877AFDEEE77A17EE903AA38163
:1018600095F83230A373521AB2F5805F10DD6369C8
:10187000013B636163694FF4B47202FB03F307EE4B
:10188000903AF8EEE77A77EEA67AC4ED047A38BD9E
:1018900012F5805FEEDA636901336361EAE700BF46
:1018A000ACFF333D9899193E3433A340D0CCCC3DA6
:1018B0006666663F042902D0022902D0704702778B
:1018C00070474277FAE7002380F8A7317047012379
:1018D00080F8A7317047000070B584B005464FF41A
:1018E000DC70EEF789FC04464FF4DC720021EEF761
:1018F0008FFD95F89C3084F8A63104F1180305F1AA
:10190000940292E8030083E8030005F1100104F15A
:101910003000FCF7BDFF05F13C0104F1A800FCF725
:10192000B7FF05F1680104F59070FCF7B1FF2B6873
:1019300023626B686362EB68E362AB68A36205F1E4
:10194000A00631462046FFF7A3FE134BC5F8B4307E
:10195000C5F8B8403046FCF779F8C4F8A001002378
:101960000193029303930223ADF804300B4B0293CF
:10197000039401A801F0F2F9C4F8AC012046FFF786
:10198000A6FF074A1378591C1170064A42F82340F3
:10199000204604B070BD00BFAD170108A9170108AB
:1019A000449200201492002080ED660A70470000E7
:1019B00070B5002550E0237E13F0060F58D0F1EEED
:1019C000600A55E0237F012B08D094ED040A04F54A
:1019D0009070FCF782FFF0EE400A50E0236A93ED2E
:1019E000000AF4E7637F012B5BD094ED020A04F157
:1019F000A800FCF772FFF0EE400AA37F13F0010F7E
:101A000004D0E36AD3ED007A70EEA70A637E13F088
:101A1000010F4AD1E37E012B54D0FDEEE07A17EEA0
:101A2000903A94F8A42194F8A5C14FEA4C00C3F36E
:101A3000072602EB021E02EB8E0E3649714401EBC3
:101A40004C0E8EF824600130014481F8243094F863
:101A5000A731002B3DD001352F4B1B78AB4244D929
:101A60002E4B53F82540D4ED660AA37E012BA2D05D
:101A7000637E13F0040F02D0237E042BA2D0637E7A
:101A800013F0020FB9D0237E13F0060FB5D0A37F59
:101A900013F0020FA6D0A36AD3ED007A70EEA70A66
:101AA000A0E7636A93ED000AA1E7B4F90C3000EEF9
:101AB000103AB8EEC00A04F13000FCF70EFFF0EE69
:101AC000400AA7E7237E13F0060FA6D0F1EE600AC6
:101AD000A3E702EB021302EB830220320D4B1A4400
:101AE0000432002322F81C30B5E7002400E0013462
:101AF000052C0ED80A4B1B5D002BF8D004EB041309
:101B000004EB8303B7EE000A02481844FBF7F2FF28
:101B1000EDE770BDE80100204492002014920020FF
:101B20000C92002038B500253DE0F1EE600A47E058
:101B300094F82430012B16D0B4F90C3000EE103A92
:101B4000B8EEC00A04F59470FCF7C7FEF0EE400A48
:101B500094F8263013F0020F3BD0236BD3ED007ABC
:101B600070EE270A35E0A36A93ED000AEAE7E36A1C
:101B700093ED000A3DE094F8213013F0010F49D1B4
:101B8000FDEEE00A334B1B682433D4F8A821D26958
:101B9000A2F5207210EE901A23F8121094F8A421E6
:101BA000002A44D001352C4B1B78AB4248D92B4B33
:101BB00053F82540D4ED680A94F82230012BB4D0B4
:101BC00094F8213013F0040F03D094F82030042B44
:101BD000AED094F8213013F0020FCCD094F820301E
:101BE00013F0060FC7D094F82430012BBFD094ED2A
:101BF000020A04F59470FCF770FEF0EE400A94F8C7
:101C0000263013F0010FB6D0636BD3ED007A70EE7F
:101C1000270AB0E7B4F90C3000EE103AB8EEC00A6B
:101C200004F13800FCF759FEF0EE400AA8E7D4F8BA
:101C3000A821D269A2F52072002123F81210B1E781
:101C400003B938BD9FED060A024B1868FBF752FF37
:101C5000F7E700BF489200205C9200204C920020E1
:101C6000CDCC4C3E31EE601A30EE600A0123834049
:101C7000013B07EE903AF8EEE77A20EE270AC0EE35
:101C8000017AFCEEE77A17EE903A98B2704707EEC9
:101C9000900A70EEC00AF8EEE77A27EEA07A0123E8
:101CA0008B40013B07EE903AF8EEE77AC7EE276AE1
:101CB00036EE800A7047704708B5D1F8A8314FF06A
:101CC000FF325A62C3F82720D1F8A83183F82B00DD
:101CD000B7EE000AD1F8A801FBF70CFF08BD000021
:101CE00038B50446D0F84150D5F8AC0101F05AF8A7
:101CF000EB68AB6094F82D0094F82E301021F2EED2
:101D0000090ABAEE090A43EA0020FFF7C0FF85ED91
:101D1000030A94F82F0094F830301B090C21DFEDF2
:101D2000160A9FED160A43EA0010FFF7B0FF85ED93
:101D3000010A94F8303094F831001B0203F4706308
:101D40000C21F3EE020ABBEE020A1843FFF79FFFD5
:101D500085ED040A94F8323007EE903AF8EE677A8F
:101D6000C5ED057A94F8333007EE903AF8EE677ACD
:101D7000C5ED067A38BD00BF00003442000034C211
:101D800070B52DED028B84B004463BE00C20B3EE21
:101D9000021AFBEE020AB0EE480AFFF763FFADF845
:101DA0000800D4F8A831320A83F82420D4F8A831E6
:101DB00083F82560D4F8A831C5F3071283F82620EC
:101DC0002D01D4F8A83183F82750D4F8A821002396
:101DD00082F82830D4F8A82182F82930BDF80830DC
:101DE000D4F8A821190A82F82A10D4F8A82182F878
:101DF0002B30B7EE000AD4F8A801FBF77BFE0220D7
:101E0000F9F7B5FFD4ED688A9FED178A1020B2EE7E
:101E1000091AFAEE090AB0EE480AFFF723FF064650
:101E2000ADF804000C209FED111ADFED110AB0EEA1
:101E3000480AFFF717FF0546ADF806000C20B3EE81
:101E4000021AFBEE020AB0EE680AFFF70BFFADF8CC
:101E500008000023ADF80A30ADF80C3094F8A43136
:101E6000002B93D09DE700BF00000000000034422B
:101E7000000034C208B50146FE20FFF71DFF9FEDAC
:101E8000020AFBF7F5FB08BDCDCCCC3D80ED680A1E
:101E90007047012380F8A4317047000030B52DED64
:101EA000028B85B005464FF4DC70EEF7A5F90446C9
:101EB0004FF4DC720021EEF7ABFA04F1200305F1D8
:101EC000940292E8030083E8030005F1100104F195
:101ED0002800FCF7DDFC05F13C0104F1A000FCF753
:101EE000D7FC05F1680104F58C70FCF7D1FC2B6878
:101EF000C4F890316B68C4F894311D4BC5F8B43008
:101F0000C5F8B84005F1A000FBF7A0FDC4F8A80192
:101F100000230193029303930A23ADF80430154B79
:101F20000293039401A800F019FFC4F8AC01204605
:101F3000FFF7AFFF2146FC20FFF7BEFE9FED0E8AA4
:101F4000B0EE480AFBF794FB2046FFF793FFB0EE94
:101F5000480AFBF78DFB094A1378591C1170084A8F
:101F600042F82340204605B0BDEC028B30BD00BFD7
:101F7000E11C0108B71C0108CDCCCC3D80920020AB
:101F800070920020002380F8A431704730B58BB0E8
:101F900046F66453089300238DF82430154B1B78C4
:101FA0002BB300251FE00023ADF800300A2269465C
:101FB0002846EEF7F5F8694608A8EEF77BFA0DF12A
:101FC000040C0D4C0FCCACE80F0094E807008CE833
:101FD00007000A4B53F8251001A8F9F790FE084BAB
:101FE00043F825000135034B1B78AB42DBD80BB01F
:101FF00030BD00BF80920020F05101087092002097
:102000006092002008B5FFF7D3FCFFF78BFD08BDF9
:102010000346104605E013F8011B4140044A505C9A
:10202000614601F1FF3C1FFA8CFC0029F3D1704797
:10203000605C010888B138B50C46054602290ED906
:102040000139FF2289B2FFF7E3FF254415F8013C6F
:10205000834214BF0020012038BD002070470020BB
:10206000FAE70000034698B1481E99B110B413F87E
:10207000011B5140C9B2084C34F8111081EA1222F8
:10208000014601380029F2D110465DF8044B704733
:102090004FF6FF7210467047605A0108D8B170B50C
:1020A0000C460646022918D98D1E0D4B1A88294662
:1020B000FFF7D8FF735DC2B29A4201D0002070BD15
:1020C000C0F30F20331913F8013C984201D00020CF
:1020D000F5E70120F3E7002070470020EFE700BF9D
:1020E0008603002080B170B50C46054602290AD946
:1020F0008E1E064B1A883146FFF7B4FFA855013CE7
:10210000C0F30720285570BD704700BF860300202C
:1021100008B5024B1868FBF735FD08BD1493002085
:10212000002800F0F28010B50446784B0268C3F82E
:1021300007200279DA720378A52B00D010BD0521A3
:10214000FFF778FF012809D0704B1B890933E0188D
:10215000E35CA52BF2D1FFF7E3FFEFE761780931EC
:102160002046FFF79BFF0128EED1A279637943EA6D
:102170000223664A9381B3F5027F24D2B3F5007F30
:1021800009D9A3F20123062BDED8DFE803F0687932
:102190008B9DA7ADB200032B39D007D8012B27D0D8
:1021A000022BD1D1E279594B5A76CDE740F2011298
:1021B00093424ED0B3F5817FC6D1D4F80720534B5C
:1021C000C3F83E20C0E740F201329342BCD14F4BEE
:1021D000D4F80710D4F80B20C3F87F10C3F883207D
:1021E000B4F80F10627CA3F8871083F88920ABE75E
:1021F000464BD4F80710D4F80B20C3F80E10C3F8E0
:102200001220B4F80F10627CD9821A769CE73F4BFB
:10221000D4F807C0D4F80B00D4F80F10D4F813206A
:10222000C3F81AC0C3F81E00C3F82210C3F8262052
:10223000D4F817C0D4F81B00D4F81F10D4F823200A
:10224000C3F82AC0C3F82E00C3F83210C3F83620F2
:102250007AE7D4F807202D4BC3F83A2074E72B4BCC
:10226000D4F80700D4F80B10D4F80F20C3F84200BC
:10227000C3F84610C3F84A20E27C83F84E2063E797
:10228000224BD4F807C0D4F80B00D4F80F10D4F8C0
:102290001320C3F84FC0C3F85300C3F85710C3F856
:1022A0005B2051E7194BD4F807C0D4F80B00D4F8E1
:1022B0000F10D4F81320C3F85FC0C3F86300C3F84D
:1022C0006710C3F86B203FE7104BD4F80720C3F822
:1022D0006F20B4F80B20A3F8732035E7B4F807207B
:1022E0000A4BA3F875202FE7E279084B83F8772093
:1022F0002AE7064BD4F807009867B4F80B10627B06
:10230000A3F87C1083F87E201EE77047849200209B
:1023100008B5044B186800F045FD034B1868FFF73B
:10232000FFFE08BD109300201493002000B587B075
:102330000E4B05930490FF238DF80C3003A8FBF798
:1023400033FC0B4B186000230093019302931E2370
:10235000ADF80030074B01930290684600F0FEFC98
:10236000054B1860054807B05DF804FB1123010810
:102370001493002011210108109300208492002062
:1023800008B50A460323014603480068FBF744FCEE
:102390007320F9F7ECFC08BD149300202DE9F843F5
:1023A0000546884617461A4CA52323704FF00009AE
:1023B0000823637084F80290164E3378E370FF228E
:1023C00004212046FFF724FE2071012363710322BC
:1023D000A27184F807902372B5F80330A4F80B308B
:1023E000B5F80130A4F8093084F80D80A7734FF6D2
:1023F000FF720F212046FFF735FEA4F80F001121D0
:102400002046FFF7BDFF337801333370BDE8F88312
:1024100018950020299500202DE9F0438846DDF825
:1024200020E009990A9F0B9E0C9D4FF0000C05E0DF
:10243000CCF1020900F809400CF1010CBCF1020FCB
:1024400003DC18F80C40002CF2D1C47862F30204CB
:10245000C470E2B222F03802C27003F00304D2B2B8
:1024600002F03F0242EA8412C270C3F38102037990
:1024700023F0030313430371DBB2079A62F385036E
:102480000371DBB203F03F030371437923F07F0351
:102490004371DBB203F07F0343710022827180F845
:1024A00007E0CEF3012E037A23F0030343EA0E0381
:1024B000037201F03F04DBB203F0030343EA840339
:1024C0000372C1F38411437A23F01F030B43437259
:1024D00007F00701DBB203F01F0343EA4113437225
:1024E000C7F3C7078772C272037B23F0030303732A
:1024F00006F03F02DBB203F0030343EA82030373F7
:10250000C6F38416437B23F01F033343437305F064
:102510000702DBB203F01F0343EA42134373C5F320
:10252000C7058573BDE8F0832DE9F0438846DDF8E3
:1025300020E009990A9F0B9E0C9D4FF0000C05E0CE
:10254000CCF1020900F809400CF1010CBCF1020FBA
:1025500003DC18F80C40002CF2D1C4784FF0010CC9
:102560006CF3C504C470E4B262F30204C47003F0F7
:102570000304C27802F03F0242EA8412C270C3F33D
:102580008102037923F0030313430371DBB2079A3B
:1025900062F385030371DBB203F03F0303714379F8
:1025A00023F07F034371DBB203F07F03437100220A
:1025B000827180F807E0CEF3012E037A23F0030343
:1025C00043EA0E03037201F03F04DBB203F003039E
:1025D00043EA84030372C1F38411437A23F01F0397
:1025E0000B43437207F00701DBB203F01F0343EA1A
:1025F00041134372C7F3C7078772C272037B23F08C
:102600000303037306F03F02DBB203F0030343EA64
:1026100082030373C6F38416437B23F01F03334303
:10262000437305F00702DBB203F01F0343EA4213D2
:102630004373C5F3C7058573BDE8F0832DE9F04FFB
:1026400089469246DDF82880DDF82CE00C990D9A39
:102650000E9F0F9E109D4FF0000C05E0CCF1020B79
:1026600000F80B400CF1010CBCF1020F03DC19F86F
:102670000C40002CF2D1C4784FF0040C6CF3C5046C
:10268000C470E4B26AF30204C47003F0030CE4B251
:1026900004F03F0444EA8C14C470C3F3810403794A
:1026A00023F0030323430371DCB2099B63F3850426
:1026B000047108F00304037903F03F0343EA841331
:1026C0000371C8F38608437923F07F0343EA0803C4
:1026D00043710EF00104DBB203F07F0343EAC4133D
:1026E0004371CEF3470E80F806E0C171C1F30121BA
:1026F000037A23F003030B43037202F03F01DBB2C2
:1027000003F0030343EA81030372C2F38412437AA2
:1027100023F01F031343437207F00702DBB203F0F9
:102720001F0343EA42134372C7F3C70787720023AC
:10273000C372037B23F00303037306F03F02DBB293
:1027400003F0030343EA82030373C6F38416437B57
:1027500023F01F033343437305F00702DBB203F09A
:102760001F0343EA42134373C5F3C7058573BDE8EE
:10277000F08F00000EB4F0B58AB004460FAB53F8EA
:10278000045B6E1CC6EB0616F6B20193A5238DF80A
:102790001830C5EB05130633ADF819303B4B1B78E9
:1027A0008DF81B30FF22042106A8FFF731FC8DF8BD
:1027B0001C0001238DF81D3003238DF81E306B1E85
:1027C000062B0AD8DFE803F0041A090921092800BA
:1027D00001238DF81F308DF82030B4F80330ADF8A8
:1027E0002330B4F80130ADF82130294C0AAB13E99D
:1027F0000F0007C423704FF0000C36E002238DF861
:102800001F3001238DF82030E7E703238DF81F30B8
:1028100001238DF82030E0E704238DF81F300123D9
:102820008DF82030D9E7019C04F11003019302AB2D
:1028300020686168A26807C3A189A27B19809A7089
:10284000CCEB0C1E0EF10D0E114F0EEB070402AB7C
:1028500007CB47F80E006160A2601A889B78A281BE
:10286000A3730CF1010C5FFA8CFCAC45DBDB084C6C
:1028700031462046FFF736FC31462046FFF780FD03
:102880000AB0BDE8F04003B0704700BF29950020B2
:1028900018930020094B1B6893F84220072A94BF25
:1028A000002101211970A3F8012002F58072A3F81C
:1028B000032000225A719A71704700BF2C950020A6
:1028C0004378827A934204D0027842F00102027087
:1028D00083728378C27A934204D0027842F0020273
:1028E0000270C372C378027B934204D0027842F034
:1028F0000402027003730379427B934204D002788E
:1029000042F01002027043734379827B934204D0F9
:10291000027842F0080202708373D0F80630D0F8D3
:102920000F2007EE903A07EE102AF4EE477AF1EE08
:1029300010FA05D0027842F020020270C0F80F3081
:102940007047000010B504460846FFF7B9FF0C4B6E
:102950001B681B7803F0C003402B00D010BD94F817
:102960004230033B022BF9D8204601F027FC044BF0
:1029700019680B789A09013262F387130B70EDE73F
:102980003095002010B50C46FFF7D0FC034A1060CC
:10299000034A1460012280F88A2010BD2C95002083
:1029A0003095002008B5034B1968034B1868FFF7F2
:1029B000C9FF08BD309500202C95002010B50F4BA5
:1029C0001B6893F88A3033B90020F8F761FF02E002
:1029D0006420F9F7CCF9094B1B6893F84230002BBF
:1029E000F6D0FFF757FF054C002202212068FFF7C1
:1029F000D5FC206801F0E2FB10BD00BF2C95002043
:102A0000002301E00133DBB2042B0DD8074931F973
:102A10001320002AB8BF524292B2B2F5257FF1D9F5
:102A2000002221F81320EDE7704700BF40950020F9
:102A3000F8B504460378427843EA0223C3F30A0355
:102A4000A3F580634F4DAB80427883785B0143EA06
:102A5000D203C3F30A03A3F58063EB808278C378C3
:102A60009B0043EA9213027943EA8223C3F30A03E9
:102A7000A3F580632B804379DB0143EA5203C3F360
:102A80000A03A3F580636B80037C427C43EA022344
:102A9000C3F30A03A3F580632B81FFF7B1FF6379CA
:102AA000C3F30113EB7263799B09AB72A379E279EB
:102AB00043EA0223AB81237A627A43EA0223EB8161
:102AC000237B2B74637B6B74A07BE37B40EA032046
:102AD0006882C2B210F0200F14D081B2A98212F025
:102AE000100F13D0274B5A8ADA82264BB3F85A605C
:102AF0009C8AB3F816C0B3F85C50B3F85EE00123CB
:102B0000002223E0204B00211980E8E71F4B002220
:102B10001A80EAE7234208D02B4206D11949114412
:102B200091F82870013781F8287013EA0C0F09D04A
:102B300013EA0E0F06D11349114491F8387001378A
:102B400081F838705B009BB2013292B20F2A12D822
:102B5000111F89B20129F5D91842DBD03342D9D1EE
:102B60002342D7D113EA0C0FD4D1064911440F7E6A
:102B700001370F76CEE7034948228818EDF7EEFEBD
:102B8000F8BD00BF409500205495002056950020C8
:102B900008B5902200210448EDF73AFC034B186871
:102BA000FAF7F0FF08BD00BF4095002038950020DF
:102BB00008B5044B186800F0F5F8034B1868FFF7E8
:102BC00037FF08BD349500203895002000B587B048
:102BD0000F4B0593049012238DF80C3003A8FAF7DD
:102BE000E3FF0C4B186000230093019302930A2328
:102BF000ADF80030084B0193684600F0AFF8074B82
:102C00001860074B01221A70064807B05DF804FBF4
:102C1000B12B010838950020912B01083495002034
:102C20003C95002040950020884200D0FEE7704788
:102C300008B52121EDF75EFC1F2800D9FEE708BD8D
:102C4000F8B505460F46FFF7F3FF144C2646A46A75
:102C500074B129462046EDF7B3FC0028F6D194F86C
:102C600021103846FFF7E0FF012384F82C3012E0F2
:102C70003020EDF7C1FAB06230220021EDF7C8FB39
:102C8000B36A83F821702946B06AEDF709FE012383
:102C900086F82C30B46A2046F8BD00BF88030020B7
:102CA000F8B50E46FFF7CCFF07460C20EDF7A4FA67
:102CB00005460024046044608460067144B17B6A68
:102CC0006BB11A469B68002BFBD195602846F8BD76
:102CD0003046EDF791FA45F824000134EEE77D62C5
:102CE000F4E710B50446C07900B910BD0B46617910
:102CF000227954F821101846EDF730FE637901333C
:102D0000637100236371E379013BE3710120ECE718
:102D100070B505460E46426A0F4B1A600FE0A37964
:102D200095F82120314654F82300EDF717FE0023D3
:102D3000A371E3790133E371A268074B1A60064B74
:102D40001C683CB1E379012BE9D100226271013B9F
:102D5000E371E4E7012070BDD095002010B5044672
:102D60001020EDF749FA0023036043608360C360DD
:102D7000A368C360238803B9642303806368436046
:102D8000638803B96423038123880381034A13788A
:102D9000591C1170024A42F8230010BDD49500203E
:102DA000D8950020038803817047000010B50024E7
:102DB00004E053680BB1D06898470134064B1B7888
:102DC000A34208D9054B53F824201389002BF0D0D7
:102DD000013B1381F1E710BDD4950020D895002068
:102DE00000B587B0002300930193029303930493EB
:102DF0000593074B009308230193064B0293684603
:102E0000FAF708FD044B186007B05DF804FB00BF3B
:102E1000F01500206F12833AEC9600200378052B02
:102E200000D9FEE710B504460820EDF7E5F90022C9
:102E300002604260227842716168016061780171CC
:102E4000014941F8220010BDD896002038B5002471
:102E500040E095ED000A284B1868FAF7A1FC2B79A1
:102E6000062B0BD8DFE803F0040B121920272E00E5
:102E70009FED220A204B1868FAF770FC38BD9FEDD1
:102E8000200A1D4B1868FAF769FCF7E79FED1D0A49
:102E9000194B1868FAF762FCF0E79FED1B0A164B16
:102EA0001868FAF75BFCE9E79FED180A124B1868FF
:102EB000FAF754FCE2E79FED160A0F4B1868FAF791
:102EC0004DFCDBE79FED130A0B4B1868FAF746FC45
:102ED000D4E70134042CD1D80F4B53F824506B792C
:102EE000042BF6D8AB79002BB3D19FED0C0A024B23
:102EF0001868FAF755FCECE7EC9600209D9DFA3A2D
:102F0000934ADF3A32E5C63A41C8BB3A052FA73AA1
:102F100009F2943AFAA9843AD896002000000000F9
:102F200038B52DED028B0C46002938D1724B142296
:102F30001A80724A138801339BB213806E4A12883A
:102F4000934232D2022C30D06C4B1A886A4B1B88C9
:102F50009A4202D2022C40F0B980694B1B689A78E1
:102F6000684B1B889A4200D834B1644A128862497F
:102F70000988B2EB410F05DB604A00211180013363
:102F8000604A13805F4B1B885B4A1288B3EB820F49
:102F900002DB5C4B00221A80BDEC028B38BD01299C
:102FA000C7D1554B1E221A80C3E70428CCD8DFE8CE
:102FB00000F003182B405500B7EE000A524B18687A
:102FC000FAF7EEFB9FED518AB0EE480A504B1868B5
:102FD000FAF7E6FBB0EE480A4E4B1868FAF7E0FB4A
:102FE000B2E7B7EE000A484B1868FAF7D9FBB7EE1C
:102FF000000A474B1868FAF7D3FB9FED440A454B8C
:103000001868FAF7CDFB9FE79FED408AB0EE480ABB
:103010003D4B1868FAF7C4FBB0EE480A3C4B186801
:10302000FAF7BEFBB7EE000A3A4B1868FAF7B8FB9E
:103030008AE79FED368AB0EE480A334B1868FAF7F4
:10304000AFFBB7EE000A324B1868FAF7A9FBB0EEF7
:10305000480A304B1868FAF7A3FB75E72E4A137835
:1030600001335BB21370012B06DD134600221A7088
:103070002A4A137802331370284D95F90030002B3B
:10308000B8BF5B42DBB200EE103AB8EEC00A9FED6B
:10309000248A20EE080A1C4B1868FAF781FB9FED82
:1030A0001B0A1B4B1868FAF77BFB95F90030002BC5
:1030B000B8BF5B42DBB200EE103AB8EEC00A20EEB9
:1030C000080A144B1868FAF76BFB3DE79FED0F8A6F
:1030D000B0EE480A0C4B1868FAF762FBB0EE480AEB
:1030E0000B4B1868FAF75CFBB0EE480A094B1868FE
:1030F000FAF756FB31E700BFF6960020F496002061
:10310000F8960020F09600200497002000000000B0
:1031100000970020FC960020F3960020F2960020F5
:103120000D68D33B10B586B000240094019402943E
:103130000394049405940D4B00930D4B02930823C4
:1031400001936846FAF766FB0A4B18600423019363
:103150006846FAF75FFB084B186001946846FAF777
:1031600059FB064B186006B010BD00BFA815002023
:103170006F12833A0497002000970020FC960020ED
:1031800038B504460420EDF737F800210160627875
:10319000027022784270034AA4781568AC70C1703E
:1031A000106038BDF896002008B5074B1B68DA7828
:1031B00022B902210420FFF7B3FE08BD5978187820
:1031C000FFF7AEFEF9E700BFF896002008B5FDF75F
:1031D00047FF074B18602C210648FFF731FD064BCF
:1031E00018600D210548FFF75BFD054B186008BD11
:1031F0004C97002064570108489700207057010839
:103200004497002038B51049104B1868FFF769FD46
:103210000F4DAC460F4B1C680FCCACE80F000FCC29
:10322000ACE80F0094E803008CE803000023D3ED22
:10323000017AFCEEE77A17EE903A2B852946064B89
:103240001868FFF765FD38BD0897002044970020F7
:10325000189700204C9700204897002010B5214B6C
:103260001B68D3ED027A9FED206A67EE867ADFED68
:103270001F6A67EEA67A1E4B93ED0F7A77EE877A78
:103280001C4B1B6893ED027A27EE467A27EE267ACE
:10329000194BD3ED0F6A37EE267ADFED186A67EE29
:1032A000A67A27EE267A77EE877AB6EE007A67EE70
:1032B000C77A134BC3ED007A124C6368C3ED007AF2
:1032C0006368114A126A5A60D4F800310F4A5A6092
:1032D0002046FBF7B1FFD4F8E8301A680C4B1A60AF
:1032E00010BD00BF949B0020A3E8813D35FA8E3CC1
:1032F000389B0020909B0020E09A0020EC51B83DC4
:10330000A0990020509800203C9100206F12833A31
:10331000A49900202DE9F0432DED028B95B0FFF725
:103320009DFF394C94ED000A3848FAF72CFD94EDD6
:10333000000A3748FAF727FD364B93ED008AB0EEC6
:10334000C87ADFED357AB4EEE77AF1EE10FA51D5AE
:103350009FED327A28EE077A314BD3ED007A77EE83
:10336000877AC3ED007A284CD4F82590D4F81980D8
:103370002B4FD7ED008A2B4D4C26324605F10C0120
:103380006846EDF7EBFA95E80E0001EE909A01EE33
:10339000108AF0EE480AB0EE680A1C48FAF7F6FC0C
:1033A000D4F82590D4F819801A4BD3ED008A97ED04
:1033B000008A1D4D324605F10C016846EDF7CEFA44
:1033C00095E80E0001EE909A01EE108AF0EE680A80
:1033D000B0EE480A0E48FAF7D9FC237D032B0DD036
:1033E000124B134A1360134A136015B0BDEC028BE5
:1033F000BDE8F0830A4B104A1A60B4E70B4B0C4A45
:1034000013600C4A1360F0E7B89B0020449A002038
:10341000A8990020A4990020CDCCCC3D6F12833A0E
:103420009C990020389B0020E09A0020CDCC4C3E97
:10343000BC030020B8030020CDCCCC3E2DE9F843DE
:103440005C4D5D4BD3ED000A95ED0D0A5B48FBF733
:1034500044FA5B4E86ED000A5A4C5B4BD3ED000AF2
:1034600094ED0D0A5948FBF738FAF0EE407A584BC4
:1034700083ED000A574AD2ED266A574BC3ED006A26
:10348000564B93ED267A564981ED007A95ED106AF8
:1034900096ED000A26EE006AD5ED115A66EEA55AA1
:1034A00036EE256ADFF8548188ED006A95ED126AE0
:1034B00020EE060A95ED136A66EE866A30EE260A5D
:1034C000DFF83C9189ED000AD4ED106A67EEA66A38
:1034D00094ED116A27EE066A76EE866A414EC6EDD5
:1034E000006AD4ED126A67EEA67AD4ED136A27EE6D
:1034F000267A77EE877A3C4FC7ED007AD2ED257AAF
:103500009FED3A7A67EE877A394DC5ED007AD3EDB3
:10351000257A67EE877A374CC4ED007AB2EE011A4D
:10352000FAEE010AFCF7B2FD89ED000AB2EE011ACB
:10353000FAEE010A98ED000AFCF7A8FD88ED000AF2
:10354000B2EE011AFAEE010A97ED000AFCF79EFDB1
:1035500087ED000AB2EE011AFAEE010A96ED000AB2
:10356000FCF794FD86ED000A234ED5ED007A4FF46A
:103570007A523146FDEEE77A17EE900AFCF796FD97
:1035800007EE900AF8EEE77AC5ED007AD4ED007AFE
:103590004FF47A523146FDEEE77A17EE900AFCF7C7
:1035A00085FD07EE900AF8EEE77AC4ED007ABDE8F3
:1035B000F88300BF389B0020BC030020D897002070
:1035C0005C970020E09A0020B8030020609700205C
:1035D00058970020449A002054970020A899002072
:1035E000509700208C99002090990020AF6F514592
:1035F000889900208499002080C1FFFF94990020C1
:10360000989900202DE9F0472DED048BAAB001F028
:103610008FF9874C206090F80831C0F8C0301C301A
:10362000FEF75AF9834B1860206890F80931C0F80A
:10363000C0301C30FEF750F97F4B1860206890F8BE
:103640000431C0F8C0300123C0F8C4301C30FEF78C
:1036500025FC7A4B1860206890F80531C0F8C0301E
:103660000225C0F8C4501C30FEF718FC744B1860DB
:10367000206890F80731C0F8C0300323C0F8C43088
:103680001C30FEF70BFC6F4B1860206890F8063179
:10369000C0F8C0300423C0F8C4301C30FEF7FEFB75
:1036A000694B18604FF02C0A524600211FA8ECF716
:1036B000AFFEDFED668ACDED1F8A9FED658A8DED49
:1036C000218A644B2293DFF8E091CDF88C904FF083
:1036D00066088DF89080604F2797604E2896604C62
:1036E00029945246002114A8ECF792FECDED148ADD
:1036F0008DED168A5B4B1793CDF860908DF8648042
:103700001C971D961E941FA95748FBF7C1F814A9D2
:103710005648FBF7BDF8564E2B4600222946304648
:10372000FBF706FA534C0DF1400894E80F0088E8C7
:103730000F000CAF04F110030FCB87E80F0008ADAA
:1037400004F120030FCB85E80F000DF1100E04F1FA
:1037500030030FCB8EE80F00EC46403494E80F00A6
:103760008CE80F00D6F8009144460FCCC9F8000051
:10377000C9F80410C9F80820C9F80C30D6F814812B
:103780003C460FCCC8F80000C8F80410C8F8082060
:10379000C8F80C30D6F818712C460FCC3860796018
:1037A000BA60FB60D6F8F85074460FCC28606960A8
:1037B000AA60EB60D6F80C5164460FCC28606960B3
:1037C000AA60EB609FED2C9A9FED2C8ADFED2C8A8E
:1037D000F0EE491AB0EE481AF0EE680AB0EE480A68
:1037E0002848FAF7E5FBF0EE491AB0EE481AF0EE79
:1037F000680AB0EE480A2448FAF7DAFB234C21465F
:103800002348FAF793FA21462248FAF78FFA35212E
:103810002148FFF745FA214B18600E212048FFF799
:103820000FFA204B18602AB0BDEC048BBDE8F0877E
:10383000F89B0020949B0020909B0020A49B0020DC
:10384000A09B0020989B00209C9B002000004843E8
:1038500000003442000020410AD7233C0AD7A33C91
:103860000AD7A33D0000F041D897002060970020C0
:10387000509800200C5201086F12833A9A99193E11
:10388000713D8A3E389B0020E09A0020605D01086F
:10389000449A0020A89900207C570108F09B002042
:1038A00088570108F49B002017B7D1382DE9F0475D
:1038B0002DED028B6D4C21466D4B1868FFF711FA08
:1038C000002211466B4B1868FDF7F4FF00221146E9
:1038D000694B1868FDF7EEFF237D002B40F0AD80AB
:1038E000664B1868FEF74EFB654B1868FEF74AFBFF
:1038F000644B1868FEF746FB634B1868FEF742FB03
:103900005C4B1868FDF7DFFF5B4B1868FDF7DBFFCA
:103910005B4E326892ED030A584F3B68DFF894A182
:10392000DFF84881D8F8191002EE101A9FED578A77
:10393000DFF88491DAED092AD3ED011A92ED011A2C
:10394000D3ED030A30EE080A4846FAF75DFB4E4C09
:10395000226892ED030A4B4D2B68D3ED030A92EDDA
:10396000011AD3ED011AD8F8193002EE103ADFF837
:103970004C81DAED092AF1EE611AB1EE411AF1EE4D
:10398000600A38EE400A4046FAF73EFB4846FAF72E
:1039900079FD4046FAF776FD3B6832689FED3C8A38
:1039A000B0EE481AD2ED040A93ED040A4846FAF73D
:1039B000E5FD2B682268B0EE481AD2ED040A93EDBB
:1039C000040A4046FAF7DAFDFFF7A4FCFFF736FDDC
:1039D000304B93ED000A3868FEF758FA2E4B93ED02
:1039E000000A3068FEF752FA2C4B93ED000AB1EE54
:1039F000400A2868FEF74AFA294B93ED000AB1EE17
:103A0000400A2068FEF742FA264B93ED000A194B54
:103A10001868FDF7C9FF244B93ED000AB1EE400A88
:103A2000154B1868FDF7C0FF2049214B1868FFF7B8
:103A30006FF9BDEC028BBDE8F087104B1868FEF7FC
:103A400028FA0F4B1868FEF724FA0E4B1868FEF799
:103A500020FA0D4B1868FEF71CFA064B1868FDF7A4
:103A600036FF054B1868FDF732FF51E7B89B002081
:103A7000F09B0020949B0020909B0020A49B0020A2
:103A80009C9B0020A09B0020989B0020C3F54840F1
:103A9000EC51B83D9899002094990020909900200D
:103AA0008C9900208899002084990020A89B0020F0
:103AB000F49B00203C910020389B0020E09A0020DD
:103AC000394B1B8D07EE903AF8EE677A374AC2ED14
:103AD000007A374A1268D2ED446A9FED367A26EEB4
:103AE000877A9FED356AF4EEC66AF1EE10FA31DDA1
:103AF000F4EEC77AF1EE10FA0EDDDFED306A77EE04
:103B0000266AF4EEE67AF1EE10FA05D877EEC77A77
:103B10002B4BC3ED037A7047DFED286A77EE666AB8
:103B2000F4EEE67AF1EE10FA0ADDF4EEC77AF1EE81
:103B300010FA05D877EEC77A214BC3ED037A7047A8
:103B4000DFED206A36EEC77A77EE877A1C4BC3ED3D
:103B5000037A7047F4EEC77AF1EE10FA0EDDDFED6E
:103B6000176A77EE266AF4EEE67AF1EE10FA05D8D7
:103B700077EEC77A124BC3ED037A704753B1F4EE78
:103B8000C77AF1EE10FA05D877EEC77A0C4BC3ED81
:103B9000037A7047DFED0B6A36EEC77A77EE677A05
:103BA000074BC3ED037A70474C9C0020109C00200B
:103BB000F89C0020ACFF333D0000804500003443FA
:103BC000B89C00200000B443774B1B689A7A022A05
:103BD0006AD0DA7A022A71D0DA7A032A78D0B3F975
:103BE000002007EE102AB8EEC77ADFED707A27EED4
:103BF000277A6F4A82ED007AB3F9022007EE902A05
:103C0000F8EEE77ADFED6B6A67EEA67A6A4AC2EDF4
:103C1000007A6A4A127B012A6CD0B3F9042007EEBD
:103C2000902AF8EEE77A9FED667A67EE877A654A22
:103C3000C2ED007AB3F9001007EE901AF8EEE77AB9
:103C40009FED617A67EE877AC2ED027A5F49D1ED26
:103C5000077A9FED5F7A67EE877A17EE900AC2F8CF
:103C60001900D1ED087A67EE877A17EE900AC2F84C
:103C70001D000868C2F825008868C2F82900096993
:103C8000C2F83110DA7A032A60D0012A00F0848069
:103C9000022A00F085804F4B19784F4A11704FF07F
:103CA0008342C3F806207047DA7A022A02D0434AD8
:103CB00001211173434A002111758AE79A7A022A79
:103CC00002D0404A022111753C4A0021117383E75A
:103CD0009A7A032A06D09A7A012A07D0374A012114
:103CE00011737CE7374A03211175F4E7354A012146
:103CF0001175F3E7314AD2ED006A37EE267A82ED8C
:103D0000007A92ED017A77EE877AC2ED017A334A32
:103D100012685178012980D1D2F8061007EE901A66
:103D2000F1EE677A2549C1ED007AD2F802004860C9
:103D3000D2F8061007EE901AF1EE677A1C49C1ED31
:103D4000007AD2F802101C4A116066E7214902206D
:103D500008702149097801290AD0012910D0B3F946
:103D60000830B3F5FA7F13DD1A4B042159708CE744
:103D70001848C0780128F0D116490020C870EEE735
:103D80001449C9780129EAD012490120C870E6E730
:103D9000104B0021597078E70E4B0121197077E71D
:103DA0000C4B0022DA7076E7A49C00206F12033BD4
:103DB000049C00206F12833A009C0020789C002015
:103DC0000AE09E39B89C00200AE01E394C9C002075
:103DD00035FA8E3C389C0020FC9B0020A09C0020E3
:103DE000584B1968B1F90C3007EE903AF8EEE77AC3
:103DF000DFED555AC7EEA56AB2EE046A66EE866A32
:103E0000524BC3ED006AB1F90E3007EE903AF8EE6E
:103E1000E77AF1EE677A87EEA57A27EE067A4C4BC1
:103E200083ED007A8A7CC2F3C003C2F380001B1AC0
:103E30004FF4967C0CFB03F3464807EE903AF8EEFD
:103E4000E77AC0ED007A02F00103C2F340029B1A48
:103E50000CFB03F307EE903AF8EEE77AC0ED017A37
:103E60003D4BD3ED007A76EEA76AC3ED006AD3ED41
:103E7000017A37EE277A83ED017A384B1B685A783E
:103E8000012A0CD091F8223013F0010321D093BB0A
:103E9000304B03221A75304B01221A731FE0D3F8FE
:103EA000062007EE902AF1EE677A2B4AC2ED007ADF
:103EB000D3F802005060D3F8062007EE902AF1EE06
:103EC000677A224AC2ED007AD3F80220204B1A60AA
:103ED000D8E7204B03221A751F4B01221A7391F861
:103EE000213013F001030CD0ABB91D4B02221A7024
:103EF0000022DA700AE00123164A1375164A13737A
:103F0000EDE7174B02221A700022DA70144BDB78AF
:103F1000012B06D07047124B02221A700122DA7070
:103F2000F4E70B7C2BB1012B07D00D4B00225A700C
:103F3000F0E70B4B00225A707047094B04225A706D
:103F4000704700BFA49C0020000025440C9C00206A
:103F5000089C0020B89C0020789C0020A09C002099
:103F6000389C002010B584B0042000F0C7FC2B4B17
:103F7000186000248DF808408DF80940284B039301
:103F800002A8FEF74BFF274B1860274B1B68ADF8C4
:103F900004301B0C8DF8063001A8FFF7F1F8234B15
:103FA00018602348FEF712FE224B18602248FDF7E6
:103FB000CFFA224B186022492248FEF7E3FC224B3D
:103FC00018600D212148FEF73BFE214B18602C2183
:103FD0002048FEF765FE204B18600A211F48FEF7B7
:103FE0002FFE1F4B186021461E48FEF759FE1E4B40
:103FF000186035211D48FEF723FE1D4B18600E2169
:104000001C48FEF74DFE1C4B18601C4B00225A60EA
:104010001B4B01221A7004B010BD00BFF89C002099
:10402000CDCCCC3E189C00205C520108149C002092
:10403000A4180020A49C0020E8180020A09C0020C8
:10404000209C002060180020349C0020705701083C
:104050008C9C002064570108889C00209857010818
:10406000489C0020A4570108449C00207C5701086C
:10407000F49C002088570108F09C0020789C0020C8
:104080001C9C002008B53549354B1868FEF729FE01
:104090003449354B1868FEF724FE3449344B186810
:1040A000FEF71FFEFFF70CFD324B1B6893F827301D
:1040B00013F0010304D0002B31D1FFF785FD0DE093
:1040C000FFF782FD2B4B1A68002382F8223082F81A
:1040D0002130294A117863F387111170274B1A6830
:1040E000B2F84C30002B31D1254B2649196192F89A
:1040F0004230072B8CBF00230123234A1370204931
:10410000224B1868FEF704FE2149224B1868FEF77F
:10411000FFFD2149214B1868FEF7FAFD08BDFFF7A6
:104120005FFE154B1B783F2B05D8134B1A780121E6
:1041300061F387121A700F4B1B68B3F9082012F550
:10414000C87FCBDA002283F82720C7E707EE903A32
:10415000F8EE677A0A4BC3ED047AC8E7A89C002002
:10416000F09C0020389C0020449C00204C9C0020A7
:10417000889C0020A49C0020209C0020349C0020CF
:10418000B89C00200000C842909C0020F49C0020B5
:10419000389C0020489C0020789C00208C9C0020AB
:1041A000032802D0042802D0704702487047024812
:1041B000704700BF94080020C00300202DE9F04F95
:1041C00093B08346CC4D4FF4E67305934FF45C7285
:1041D0000492039340F205430293022301930624C1
:1041E000009407230122C5492846FEF715F905F179
:1041F0000F074FF4BE7305934FF49162049203933B
:1042000040F2EE230293032301930094072301223B
:10421000BB493846FEF700F905F11E084FF49673C6
:10422000059340F2FA4304934FF49673039340F2DC
:104230008523029304230193009407230122B149AB
:104240004046FEF7E9F805F12D0940F21A260596D9
:104250004FF46673049303964FF41673029304238A
:104260000193009407230122A7494846FEF7D4F89A
:1042700005F13C0A059640F2C443049303964FF4BB
:104280007A730293042301930094072301229F4928
:104290005046FEF7C1F80DF1380C9AE80F00ACE873
:1042A00007002CF8023B1B0C8CF800300AABD5F849
:1042B0002D00D5F83110D5F8352007C3B5F83910E1
:1042C00095F83B2019809A7006ABD5F81E00D5F8FA
:1042D0002210D5F8262007C3698D95F82C20198067
:1042E0009A7002ABD5F80F00D5F81310D5F8172047
:1042F00007C3B5F81B106A7F19809A7005F108038F
:1043000093E803000090ADF80410090C8DF8061036
:1043100095E80C0005215846FEF72CFA40F2F913F7
:10432000059340F2BF3304934FF4967203920293C5
:1043300004230193009407230122754905F14B00E2
:10434000FEF76AF8D5F853000090B5F8572095F8B5
:104350005930ADF804208DF80630D5F84B20D5F84B
:104360004F3001215846FEF705FA6A4D059640F296
:104370003D53049303964FF4A56302934FF00A094B
:10438000CDF8049000940723012263492846FEF7E4
:1043900043F805F10F0640F28B23059340F2EA4300
:1043A000049340F2A723039340F21B5302934FF070
:1043B0000F0ACDF804A00094072301225749304684
:1043C000FEF72AF805F11E0740F26523059340F237
:1043D000315304934FF41673039340F21153029335
:1043E000CDF804900094072301224D493846FEF78A
:1043F00013F805F12D084FF44973059340F2CB43B0
:1044000004934FF44073039340F2A7430293CDF813
:1044100004A000940723012242494046FDF7FCFF17
:1044200040F2E623059340F20253049340F2D52371
:10443000039340F2E6430293CDF8049000940723DF
:104440000122394905F13C00FDF7E6FF0DF1380C7A
:1044500005F13C030FCBACE807002CF8023B1B0C2A
:104460008CF800300AABD5F82D00D5F83110D5F80E
:10447000352007C3B5F8391095F83B2019809A709C
:1044800006ABD5F81E00D5F82210D5F8262007C3B4
:10449000698D95F82C2019809A7002ABD5F80F0021
:1044A000D5F81310D5F8172007C3B5F81B106A7F8D
:1044B00019809A7005F1080393E803000090ADF8A5
:1044C0000410090C8DF8061095E80C0005215846DB
:1044D000FEF750F9154D4FF4C877079706974FF43C
:1044E0000773059340F2B633049303948723029332
:1044F0002D2301931CE000BF5C9D0020B0570108F4
:10450000B4570108B8570108BC570108C057010843
:10451000C4570108F49D0020C8570108CC57010872
:10452000D0570108D4570108D85701082C9D002006
:1045300000940723012267492846FEF77FF805EB20
:104540000A060797069740F2122305934FF47073FB
:104550000493CDF80CA04FF487730293E1230193E9
:104560000094072301225C493046FEF767F802AB4E
:10457000D5F80F007168B26807C3B189B27B1980A2
:104580009A7005F1080393E803000090ADF8041059
:10459000090C8DF8061095E80C0002215846FEF72C
:1045A000E9F864230793069340F2D523059340F27C
:1045B000F4530493CDF80CA04FF49673029309239F
:1045C0000193009407230122444905F11E00FEF7E0
:1045D00035F8D5F8260000906A8D95F82C30ADF8A6
:1045E00004208DF80630D5F81E20D5F822300121A0
:1045F0005846FEF7BFF83A4D40F25A3305938823E8
:10460000049340F2423303932E2302930423019335
:1046100000940723012233492846FDF785FF05EB67
:104620000A064FF44379CDF8149040F2E353049313
:104630004FF42878CDF80C8040F2C9530293052737
:10464000019700940723012227493046FDF76CFFAC
:1046500002ABD5F80F007168B26807C3B189B27BAD
:1046600019809A7005F1080393E803000090ADF8F3
:104670000410090C8DF8061095E80C00022158462C
:10468000FEF778F8CDF8149040F22D630493CDF83E
:104690000C8040F2136302930197009407230122D8
:1046A000124905F11E00FDF73FFFD5F826000090E6
:1046B0006A8D95F82C30ADF804208DF80630D5F8C9
:1046C0001E20D5F8223001215846FEF753F813B0CA
:1046D000BDE8F08FDC570108E0570108E4570108F6
:1046E000FC9C0020E8570108EC570108F05701082E
:1046F00008B5FCF7B5FCF8F79DFF0A4C84ED000AFD
:10470000FCF750FEF8F796FFD4ED007A30EE670A1A
:10471000054B83ED000AFCF743FF0120F7F727FB69
:10472000E9E700BFA89E0020A49E002008B5F8F786
:1047300081FF094C84ED000AFDF764FCF8F77AFF6D
:10474000D4ED007A30EE670A044B83ED000A0120B5
:10475000F7F70DFBEBE700BFA09E00209C9E00201A
:1047600008B5FEF73DFBFEF7DDFCF8F763FF0B4CE9
:1047700084ED000AFEF71AFBFEF768FBFEF714FD56
:10478000F8F758FFD4ED007A30EE670A044B83ED5A
:10479000000A0A20F7F7EBFAE7E700BF989E00202F
:1047A000949E002008B5FEF709F9FEF7FBF80120FA
:1047B000F7F7DDFAF9E708B5A820F8F74FFEF9F7A3
:1047C000B1FA08BD10B5A4B02E4C0DF1740CA6467C
:1047D000BEE80F00ACE80F009EE807008CE8070079
:1047E00000211DA8F7F78BFA274B18600DF1580C24
:1047F00004F11C0EBEE80F00ACE80F009EE80700B5
:104800008CE80700002116A8F7F779FA1F4B18600B
:104810000DF13C0C04F1380EBEE80F00ACE80F00BF
:104820009EE807008CE8070000210FA8F7F767FA59
:10483000174B18600DF1200C04F1540EBEE80F0068
:10484000ACE80F009EE807008CE80700002108A8EC
:10485000F7F755FA0F4B18600DF1040E04F1700CC8
:10486000BCE80F00AEE80F009CE807008EE80700E8
:10487000002101A8F7F743FA074B1860FDF786FB04
:1048800024B010BD60520108BC9E0020B49E0020E0
:10489000B09E0020B89E0020AC9E002008B572B6E5
:1048A000FFF789FFFFF75EFBFEF790FCFEF7AAFE1D
:1048B000FFF788FF62B608BD08B5FFF7E3FBFEF718
:1048C000A1FCFEF7F3FF08BD08B5F8F7B3FE094CED
:1048D00084ED000AFFF7F0FFF8F7ACFED4ED007AA4
:1048E00030EE670A044B83ED000A0120F7F73FFA28
:1048F000EBE700BF909E00208C9E002038B5054657
:1049000040F2D440EBF778FC044640F2D442002158
:10491000EBF77EFD042D03D0044B1C60204638BD10
:104920000420FFF73DFC0446F6E700BFC09E0020D0
:10493000014B1868704700BFC09E0020DFF834D0DC
:104940000D480E490E4A002302E0D458C4500433E7
:10495000C4188C42F9D30B4A0B4C002301E01360BE
:104960000432A242FBD3F6F747FDEBF7E7FDEEF783
:104970003BFC70470000022000000020680D002072
:1049800004660108680D0020C49E0020FEE70000B8
:104990000388B0F802C04968406852680CFB03F312
:1049A0004BB1F0EC017AB1EC017A77EE877A013BFA
:1049B000E2EC017AF5D10020704700BF018042800F
:1049C000436070472DE9F04F02468FB0038840687E
:1049D000528809904868079102900C920BB31D46CB
:1049E00000264FF07E5899460EE0EBF711FD013D91
:1049F00047F8048B06F1010612D0AC0022460021D4
:104A00003846EBF705FD3819B20087180021002E53
:104A1000EBD10746013D47F8048B01D00126ECE7B6
:104A20004B460C98002800F03481421C099C0D94E0
:104A30009200111F661804EB410100250491014604
:104A400080000196F7EE005A0B9200950A9004EB55
:104A5000810B039126460895009996ED007A8846C9
:104A600001318B42009140F2DE80019C4246D4ED40
:104A7000007AF0EEC76AB0EEE76AB4EEE66AF1EEED
:104A800010FAC8BF0A4601F10101C8BFB0EE677A4B
:104A90008B420444EBD1B5EE407AF1EE10FA00F00F
:104AA000C880904540F0CA80089A012A079A00F011
:104AB000FD805288029902FB08FC01EB8C0C174622
:104AC000C5EE877A3146B1EC017A27EE277A59454F
:104AD00001ED017AF7D157B164460021B4EC017AB7
:104AE000013127EE277A8F4204ED017AF6DCB8F126
:104AF000000F37D0039901EB08040999CDE9053B74
:104B000001EB840401EB880502994FEA820A4FEA1F
:104B1000870901EB87014FF0000ED5ED007A2B4697
:104B2000B346B3EC017AFBEC016AA6EEE77AA34246
:104B300003ED017AF5D1A1EB0903E3464FB1B3ECE4
:104B4000017AFBEC016AA6EEE77A8B4203ED017A6B
:104B5000F5D10EF1010EC645054451440444DCD3A1
:104B6000DDE9053B00998B4230D98E464FEA820938
:104B700002FB0171029A049C019DC7EB877802EB4E
:104B800081014FEA8808D5ED007A2A46B246B2EC98
:104B9000017AFAEC016AA6EEE77AA24202ED017A06
:104BA000F5D108EB0102E2464FB1B2EC017AFAEC22
:104BB000016AA6EEE77A8A4202ED017AF5D10EF19A
:104BC000010E7345054449440444DCD10B9A019914
:104BD000164411440A9A01919344049A024404929F
:104BE000039A013A03927FF437AF08990D9A01298D
:104BF00015D0F5EE407AF1EE10FA10D10C9800FBCA
:104C000003F31BB945E00131994242D0F2EC017A3D
:104C1000F5EE407AF1EE10FAF5D08B4239D0002053
:104C20000FB0BDE8F08FB5EE407AF1EE10FA7FF4E8
:104C30003BAF089A012A2CD1079A3AE70C9902FB5C
:104C40000184099901EB8404314627680D6841F815
:104C5000047B594544F8045BF7D10799029C4F88BF
:104C6000B90001FB084C02FB01426144B7B1156871
:104C7000DCF800404CF8045B8C4542F8044BF6D15C
:104C8000029907FB08FC01EB8C0C01213A460891C4
:104C900016E76FF004000FB0BDE8F08FF7EE006A82
:104CA0000121C6EE877A3A4608910BE75788E7E775
:104CB0002DE9F043D1F80480498844884568068886
:104CC000536801294FEA81004FEA840720D103EBA2
:104CD0000009A9EB000CC646DFED1E7A5CB1224646
:104CE00073462946D3ED006AB1EC017A013AE6EE4B
:104CF000877A0344F6D1ECEC017ACC450EF1040E30
:104D0000EAD1013E3D448144E3D10020BDE8F08377
:104D100003EB000CACEB000EC146DFED0E7A5CB18C
:104D200022464B46294693ED007AF1EC016A013A9E
:104D3000E6EE877A0344F6D1EEEC017AE64509F116
:104D40000409EAD1013E3D448444E3D10020BDE89A
:104D5000F08300BF000000000388B0F802C049687B
:104D6000406852680CFB03F34BB1F0EC017AB1ECF4
:104D7000017A77EEC77A013BE2EC017AF5D10020A7
:104D8000704700BFF0B54588028844684B68B5B1EC
:104D90004FEA820C012A9E4603EB0C074FEA850678
:104DA00014D172462B46214651F8040B1060013B8A
:104DB0006244F9D10EF1040EBE453444F1D1002015
:104DC000F0BD0EF1040EBE453444F8D072462B46B9
:104DD000214651F8040B1060013B6244F9D1F0E721
:104DE0009FED237ADFED236AF5EE007AE0EE077A95
:104DF000B4EEE60AF1EE10FABDEEE77A04D517EE4E
:104E0000103A013B07EE103AB8EEC77ADFED1A6AA6
:104E100077EEC77A67EEA67ABCEEE77A17EE103A1D
:104E20009BB2B3F5007F1AD207EE103AB8EE477A7C
:104E3000591C37EEC70A114AF7EE006A02EB8101EE
:104E400037EE267AD1ED006A02EB830237EE677AFD
:104E500020EE260AD2ED007AA7EE270A704777EEF9
:104E6000E67A9FED077AB0EE670A01210023E2E7B8
:104E700083F9223EDB0FC9BF00000044F05D01084A
:104E800000000000DFED217A20EE270AB5EEC00A0F
:104E9000F1EE10FAFDEEC07A04D517EE903A013B20
:104EA00007EE903AF8EEE77ADFED196A30EE670A1E
:104EB00060EE267ABCEEE77A17EE103A9BB2B3F5B5
:104EC000007F1AD207EE103AB8EE477A591C37EE37
:104ED000C70A104AF7EE006A02EB810137EE267A24
:104EE000D1ED006A02EB830237EE677A20EE260AE4
:104EF000D2ED007AA7EE270A704777EEE67A9FEDAB
:104F0000067AB0EE670A01210023E2E783F9223E28
:104F100000000044F05D0108000000002DE9F047AA
:104F200086468C460846089E154674461946002B50
:104F300040F0C2808542B2FA82F245D94AB1C2F14C
:104F4000200300FA02FC2EFA03F3954043EA0C0C0E
:104F500094404FEA154EA8B2BCFBFEF8230C0EFBA2
:104F600018CC08FB00F943EA0C43994528D9EB1803
:104F700008F1FF3704D2994502D9A8F102072B4462
:104F8000A3EB0903A4B2B3FBFEFC0EFB1C330CFB2A
:104F900000F044EA0344A04214D92C190CF1FF3369
:104FA00004D2A04202D9ACF102032C44241A43EAF1
:104FB00007401EB1D440002334607360BDE8F08721
:104FC0004746DDE76346F1E792BB431B01214FEA09
:104FD000154EAFB2B3FBFEFC200C0EFB1C330CFBDA
:104FE00007F840EA0343984562D9EB180CF1FF300B
:104FF00004D2984502D9ACF102002B44A3EB08037C
:10500000A4B2B3FBFEFC0EFB1C330CFB07F744EA17
:105010000344A7424ED92C190CF1FF3304D2A74206
:1050200002D9ACF102032C44E41B43EA0040C0E780
:10503000C2F1200320FA03F1954090402EFA03F3C9
:1050400003434FEA154EAFB2B1FBFEFC0EFB1C1042
:10505000190C0CFB07F841EA0041884504FA02F4F8
:1050600022D969180CF1FF3004D2884502D9ACF17D
:1050700002002944A1EB08019BB2B1FBFEFC0EFB30
:105080001C110CFB07F743EA01439F420ED9EB18B2
:105090000CF1FF3104D29F4202D9ACF102012B4442
:1050A000DB1B41EA004192E76046E3E76146F7E730
:1050B0006046A3E76346B7E7834206D916B90021E5
:1050C00008467BE7C6E900E0F9E7B3FA83F78FB952
:1050D000834201D3724508D8BEEB020460EB0303A0
:1050E00001209C461EB9002168E73846FAE7C6E968
:1050F000004CF8E7C7F1200CBB4022FA0CF41C432B
:105100002EFA0CF120FA0CF3B84001434FEA14498F
:105110000EFA07F5B3FBF9F81FFA84FE09FB183005
:105120000B0C08FB0EFA43EA00439A4502FA07F219
:1051300040D9E31808F1FF3004D29A4502D9A8F10A
:1051400002002344A3EB0A0389B2B3FBF9F809FB7D
:10515000183308FB0EFE41EA03418E452CD9611835
:1051600008F1FF3304D28E4502D9A8F1020321448D
:1051700043EA0040A0FB0298A1EB0E014145CE4658
:10518000434602D306D14D4504D2B9EB020E68EB7B
:1051900004030138002EA6D0B5EB0E0261EB03012B
:1051A00001FA0CFC22FA07F34CEA0303F940C6E9C2
:1051B000003198E74046C5E74346D9E7F8B500BF58
:1051C000F8BC08BC9E467047F8B500BFF8BC08BCE8
:0451D0009E46704740
:1051D400F4560108FD330008000000000000000040
:1051E4008000000000000000000000005457010887
:1051F400811D010800000000000000008000000084
:1052040000000000000000000000803F6F12833A9D
:10521400000000000000803F0000C84200000000C1
:1052240000000000CDCC4C3D0000484300000000CD
:1052340000000000CDCC4C3D0050C34700000000EE
:10524400000000000050C3470000803F0000000041
:10525400000000000000803F020400002058010804
:10526400F1460108010000000000000000040000F5
:105274000000000000000000145801082D47010838
:105284000000000000000000000100000000000019
:1052940000000000085801086147010800000000F0
:1052A400000000008000000000000000000000007A
:1052B400FC570108C9480108000000000000000074
:1052C400000400000000000000000000F457010882
:1052D400A5470108000000000000000000020000D3
:1052E4000000000000000000DB0F49BFE4CB1640C3
:1052F400E4CB16C000000080DB0F4940DB0F49C03F
:10530400000FC93F000F494000CB9640000FC94031
:105314000053FB4000CB164100ED2F41000F4941E3
:105324000031624100537B41003A8A4100CB9641EF
:10533400005CA34100EDAF41007EBC41000FC941B8
:1053440000A0D5410031E24100C2EE410053FB41CF
:1053540000F20342003A0A420083104200CB164294
:1053640000141D42005C234200A5294200ED2F4297
:1053740000363642007E3C4200C74242000F49429A
:10538400A2000000F9000000830000006E0000008D
:105394004E00000044000000150000002900000039
:1053A400FC0000002700000057000000D1000000AE
:1053B400F500000034000000DD000000C000000023
:1053C400DB0000006200000095000000990000006E
:1053D4003C00000043000000900000004100000079
:1053E400FE0000005100000063000000AB0000005C
:1053F400DE000000BB000000C500000061000000EA
:10540400B7000000240000006E0000003A00000015
:10541400420000004D000000D2000000E000000047
:1054240006000000490000002E000000EA00000011
:1054340009000000D1000000920000001C000000E0
:10544400FE0000001D000000EB0000001C00000036
:10545400B100000029000000A70000003E00000089
:10546400E80000008200000035000000F5000000A4
:105474002E000000BB000000440000008400000077
:10548400E90000009C0000007000000026000000FD
:10549400B40000005F0000007E0000004100000036
:1054A4003900000091000000D6000000390000001F
:1054B400830000005300000039000000F4000000E5
:1054C4009C000000840000005F0000008B000000CE
:1054D400BD000000F9000000280000003B000000AF
:1054E4001F000000F800000097000000FF0000000B
:1054F400DE00000005000000980000000F0000001E
:10550400EF0000002F000000110000008B000000DD
:105514005A0000000A0000006D0000001F00000097
:105524006D000000360000007E000000CF00000087
:1055340027000000CB00000009000000B7000000B5
:105544004F000000460000003F000000660000001D
:105554009E0000005F000000EA0000002D00000033
:105564007500000027000000BA000000C70000001A
:10557400EB000000E5000000F10000007B000000EB
:105584003D0000000700000039000000F7000000A3
:105594008A0000005200000092000000EA000000AF
:1055A4006B000000FB0000005F000000B100000081
:1055B4001F0000008D0000005D00000008000000D6
:1055C4005600000003000000300000004600000008
:1055D400FC0000007B0000006B000000AB0000003A
:1055E400F0000000CF000000BC000000200000001C
:1055F4009A000000F4000000360000001D000000C6
:10560400A9000000E3000000910000006100000018
:105614005E000000E60000001B000000080000001F
:105624006500000099000000850000005F00000094
:1056340014000000A000000068000000400000000A
:105644008D000000FF000000D80000008000000072
:105654004D0000007300000027000000310000002E
:1056640006000000060000001500000056000000BF
:10567400CA00000073000000A8000000C900000078
:1056840060000000E20000007B000000C000000099
:105694008C0000006B0000003863ED3EDA0F493FD8
:1056A4005E987B3FDA0FC93F6937AC3168212233FA
:1056B400B40F14336821A233040000000700000073
:1056C400090000000000C93F0000F0390000DA378B
:1056D4000000A2330000842E0000502B0000C227DB
:1056E4000000D0220000C41F0000C61B00004417A5
:1056F40064656661756C745461736B005669736993
:105704006F6E20436F6D6D20706F72740000000027
:105714005975654C75456D62656464656400000087
:1057240043444320436F6E6669670000434443204B
:10573400496E7465726661636500000049444C45B6
:10574400000000005465726D696E616C0000000019
:10575400646D5F7461736B5F6E616D650000000062
:1057640067696D62616C5F666565640067696D6237
:10577400616C5F636D640000636861737369735F78
:10578400636D6400636861737369735F6665656400
:105794000000000073686F6F745F636D6400000045
:1057A40073686F6F745F666565640000736C3000C6
:1057B400736C3100736C3200736C3300736C34009F
:1057C400736C3500736F3100736F3200736F330085
:1057D400736F3400736F350073733000737331006B
:1057E40073733200736A3100736A3200736A330070
:1057F40075697461736B0000726F626F74746173A6
:105804006B0000006461656D6F6E7461736B000002
:105814006D6F746F727461736B000000696E7374E2
:1058240061736B0030313233343536373839616265
:10583400636465666768696A6B6C6D6E6F707172BC
:10584400737475767778797A000000000006101674
:10585400000610160000000001020304000000000E
:10586400000000000102030406070809000000000C
:10587400000054545220524547474553000000004D
:105884000000803F00000000000000000000000055
:105894000000000000000000000000000000803F45
:1058A40000000000000000000000000000000000F4
:1058B40000000000000000000000803F0000000025
:1058C40000000000000000000000000000000000D4
:1058D400000000000000803F000000000000000005
:1058E40000000000000000000000000000000000B4
:1058F4000000803F000000000000000000000000E5
:105904000000000000000000000000000000803FD4
:1059140000316253C4F5A697B988DBEA7D4C1F2E8B
:105924004372211087B6E5D4FACB98A93E0F5C6D7B
:1059340086B7E4D5427320113F0E5D6CFBCA99A86B
:10594400C5F4A796013063527C4D1E2FB889DAEB5B
:105954003D0C5F6EF9C89BAA84B5E6D7407122134B
:105964007E4F1C2DBA8BD8E9C7F6A594033261503B
:10597400BB8AD9E87F4E1D2C02336051C6F7A4952B
:10598400F8C99AAB3C0D5E6F4170231285B4E7D61B
:105994007A4B1829BE8FDCEDC3F2A190073665540B
:1059A40039085B6AFDCC9FAE80B1E2D344752617FB
:1059B400FCCD9EAF38095A6B4574271681B0E3D2EB
:1059C400BF8EDDEC7B4A192806376455C2F3A091DB
:1059D4004776251483B2E1D0FECF9CAD3A0B5869CB
:1059E40004356657C0F1A293BD8CDFEE79481B2ABB
:1059F400C1F0A3920534675678491A2BBC8DDEEFAB
:105A040082B3E0D1467724153B0A5968FFCE9DAC9A
:105A14000F000810810911000A15800B16000C18DC
:105A2400010D00007D04017C000240AB034101052F
:105A3400530806580407000000000000000000009E
:105A44000000803F000000000000803F00000000D4
:105A54000000803F000000000000000000008911E9
:105A640012239B322446AD573665BF74488CC19DC2
:105A74005AAFD3BE6CCAE5DB7EE9F7F881100801A2
:105A840093331A22A5562C47B7753E64C99C408DA2
:105A9400DBBF52AEEDDA64CBFFF976E802218B303E
:105AA400100299132667AF763444BD554AADC3BC82
:105AB400588ED19F6EEBE7FA7CC8F5D983310A2062
:105AC40091121803A7772E66B5543C45CBBD42AC62
:105AD400D99E508FEFFB66EAFDD874C904428D53FA
:105AE40016619F702004A9153227BB364CCEC5DF42
:105AF4005EEDD7FC6888E1997AABF3BA85520C4322
:105B040097711E60A1142805B3373A26CDDE44CF21
:105B1400DFFD56ECE9986089FBBB72AA06638F72BD
:105B240014409D512225AB343006B9174EEFC7FE01
:105B34005CCCD5DD6AA9E3B8788AF19B87730E62E1
:105B440095501C41A3352A24B1163807CFFF46EEE1
:105B5400DDDC54CDEBB962A8F99A708B0884819589
:105B64001AA793B62CC2A5D33EE1B7F04008C919D1
:105B7400522BDB3A644EED5F766DFF7C8994008591
:105B84009BB712A6ADD224C3BFF136E0C1184809B1
:105B9400D33B5A2AE55E6C4FF77D7E6C0AA583B42D
:105BA400188691972EE3A7F23CC0B5D14229CB3891
:105BB400500AD91B666FEF7E744CFD5D8BB502A451
:105BC40099961087AFF326E2BDD034C1C3394A2871
:105BD400D11A580BE77F6E6EF55C7C4D0CC685D7E9
:105BE4001EE597F42880A1913AA3B3B2444ACD5B51
:105BF4005669DF78600CE91D722FFB3E8DD604C711
:105C04009FF516E4A9902081BBB332A2C55A4C4B30
:105C1400D7795E68E11C680DF33F7A2E0EE787F6AC
:105C24001CC495D52AA1A3B03882B193466BCF7A10
:105C34005448DD59622DEB3C700EF91F8FF706E6D0
:105C44009DD414C5ABB122A0B9923083C77B4E6AF0
:105C5400D5585C49E33D6A2CF11E780F005EBCE226
:105C6400613FDD83C29C7E20A3FD1F419DC3217F34
:105C7400FCA2401E5F01E3BD3E6082DC237D9FC128
:105C8400421CFEA0E1BF5D0380DE3C62BEE0025C1C
:105C9400DF81633D7C22C09E1D43A1FF4618FAA408
:105CA40027799BC584DA3866E5BB5907DB856739F4
:105CB400BAE406581947A5FB7826C49A653BD987E8
:105CC400045AB8E6A7F91B45C6987A24F8A6441ADC
:105CD40099C7257B3A6486D85B05E7B98CD2306EC8
:105CE400EDB3510F4E10F2AC2F7193CD114FADF3B4
:105CF400702ECC92D38D6F31B2EC0E50AFF1134DA8
:105D0400CE90722C6D33D18F0C52B0EE326C8ED09B
:105D1400530DEFB1F0AE4C1291CF2D73CA94762887
:105D2400ABF517490856B4EA6937D58B5709EBB573
:105D340036688AD495CB2977F4AA4816E9B7550B67
:105D440088D6346A2B7597C94A14F6A8742AC8965B
:105D5400154BA9F7B6E80A54D7896B353FC70343F7
:105D6400D28E09C3E27255C19E336741C4146DC11A
:105D74007B6938C06BE46041980A71C1EAF8C3C01A
:105D8400C11F464129B980C1E63B55C1801A1B4257
:105D9400E6458BC265A120425452CB4023F4F7C0A0
:105DA400342F9740018C30C37A2E5C42979E034275
:105DB40076E1F7BEDF9957C121D3274135080DC2DB
:105DC40033D3B4401F2229413C8803C2F4F93FC1B4
:105DD4003645B34150B217C3B3E31443E9AD11429E
:105DE400076828C1B8653D41C3B78E3F0000000075
:105DF400920E493CB10AC93C2BC3163D2EFB483DCB
:105E0400752B7B3D04A9963D80B6AF3D36BDC83D9C
:105E14002FBCE13D73B2FA3D87CF093E8340163E65
:105E2400B5AB223EA2102F3ECF6E3B3EC2C5473ECD
:105E34000115543E135C603E7F9A6C3ECCCF783E95
:105E4400C07D823E938E883E229A8E3E32A0943E3E
:105E540086A09A3EE59AA03E128FA63ED47CAC3E24
:105E6400EF63B23E2A44B83E491DBE3E15EFC33E21
:105E740053B9C93ECA7BCF3E4136D53E80E8DA3EAF
:105E84004F92E03E7533E63EBBCBEB3EEA5AF13E21
:105E9400CBE0F63E275DFC3EE4E7003F3D9C033F3C
:105EA400824B063F9BF5083F6B9A0B3FDA390E3F56
:105EB400CDD3103F2A68133FD9F6153FC07F183F52
:105EC400C6021B3FD17F1D3FCBF61F3F9967223F80
:105ED40025D2243F5636273F1594293F4AEB2B3FC2
:105EE400DE3B2E3FBB85303FC9C8323FF304353F0C
:105EF400233A373F4268393F3B8F3B3FF9AE3D3F42
:105F040067C73F3F70D8413F01E2433F03E4453F49
:105F140065DE473F12D1493FF8BB4B3F029F4D3FDF
:105F2400207A4F3F3D4D513F4918533F31DB543F99
:105F3400E595563F5348583F6AF2593F1A945B3FE0
:105F4400532D5D3F05BE5E3F2146603F97C5613FCF
:105F54005A3C633F59AA643F880F663FD86B673F3A
:105F64003CBF683FA7096A3F0C4B6B3F5E836C3FA5
:105F740093B26D3F9ED86E3F73F56F3F0809713F32
:105F84005213723F4714733FDD0B743F0BFA743F97
:105F9400C6DE753F07BA763FC58B773FF853783F27
:105FA4009812793F9DC7793F02737A3FBE147B3FB5
:105FB400CDAC7B3F283B7C3FC9BF7C3FAC3A7D3FA7
:105FC400CCAB7D3F23137E3FB0707E3F6DC47E3FDC
:105FD400580E7F3F6D4E7F3FAB847F3F0FB17F3FB5
:105FE40097D37F3F43EC7F3F11FB7F3F0000803F0F
:105FF40011FB7F3F43EC7F3F97D37F3F0FB17F3F40
:10600400AB847F3F6D4E7F3F580E7F3F6DC47E3F14
:10601400B0707E3F23137E3FCCAB7D3FAC3A7D3FD7
:10602400C9BF7C3F283B7C3FCDAC7B3FBE147B3F4C
:1060340002737A3F9DC7793F9812793FF853783FAE
:10604400C58B773F07BA763FC6DE753F0BFA743FC0
:10605400DD0B743F4714733F5213723F0809713FBD
:1060640073F56F3F9ED86E3F93B26D3F5E836C3F76
:106074000C4B6B3FA7096A3F3CBF683FD86B673F37
:10608400880F663F59AA643F5A3C633F97C5613FF6
:106094002146603F05BE5E3F532D5D3F1A945B3F32
:1060A4006AF2593F5348583FE595563F31DB543F18
:1060B4004918533F3D4D513F207A4F3F029F4D3F7A
:1060C400F8BB4B3F12D1493F65DE473F03E4453FF0
:1060D40001E2433F70D8413F67C73F3FF9AE3D3FC0
:1060E4003B8F3B3F4268393F233A373FF304353F08
:1060F400C9C8323FBB85303FDE3B2E3F4AEB2B3FC6
:106104001594293F5636273F25D2243F9967223FCD
:10611400CBF61F3FD17F1D3FC6021B3FC07F183FF8
:10612400D9F6153F2A68133FCDD3103FDA390E3F15
:106134006B9A0B3F9BF5083F824B063F3D9C033F08
:10614400E4E7003F275DFC3ECBE0F63EEA5AF13E31
:10615400BBCBEB3E7533E63E4F92E03E80E8DA3E41
:106164004136D53ECA7BCF3E53B9C93E15EFC33E37
:10617400491DBE3E2A44B83EEF63B23ED47CAC3ED9
:10618400128FA63EE59AA03E86A09A3E32A0943E87
:10619400229A8E3E938E883EC07D823ECCCF783E3E
:1061A4007F9A6C3E135C603E0115543EC2C5473E67
:1061B400CF6E3B3EA2102F3EB5AB223E8340163E2F
:1061C40087CF093E73B2FA3D2FBCE13D36BDC83DD1
:1061D40080B6AF3D04A9963D752B7B3D2EFB483D13
:1061E4002BC3163DB10AC93C920E493C0000000085
:1061F400920E49BCB10AC9BC2BC316BD2EFB48BDC7
:10620400752B7BBD04A996BD80B6AFBD36BDC8BD98
:106214002FBCE1BD73B2FABD87CF09BE834016BE61
:10622400B5AB22BEA2102FBECF6E3BBEC2C547BEC9
:10623400011554BE135C60BE7F9A6CBECCCF78BE91
:10624400C07D82BE938E88BE229A8EBE32A094BE3A
:1062540086A09ABEE59AA0BE128FA6BED47CACBE20
:10626400EF63B2BE2A44B8BE491DBEBE15EFC3BE1D
:1062740053B9C9BECA7BCFBE4136D5BE80E8DABEAB
:106284004F92E0BE7533E6BEBBCBEBBEEA5AF1BE1D
:10629400CBE0F6BE275DFCBEE4E700BF3D9C03BF38
:1062A400824B06BF9BF508BF6B9A0BBFDA390EBF52
:1062B400CDD310BF2A6813BFD9F615BFC07F18BF4E
:1062C400C6021BBFD17F1DBFCBF61FBF996722BF7C
:1062D40025D224BF563627BF159429BF4AEB2BBFBE
:1062E400DE3B2EBFBB8530BFC9C832BFF30435BF08
:1062F400233A37BF426839BF3B8F3BBFF9AE3DBF3E
:1063040067C73FBF70D841BF01E243BF03E445BF45
:1063140065DE47BF12D149BFF8BB4BBF029F4DBFDB
:10632400207A4FBF3D4D51BF491853BF31DB54BF95
:10633400E59556BF534858BF6AF259BF1A945BBFDC
:10634400532D5DBF05BE5EBF214660BF97C561BFCB
:106354005A3C63BF59AA64BF880F66BFD86B67BF36
:106364003CBF68BFA7096ABF0C4B6BBF5E836CBFA1
:1063740093B26DBF9ED86EBF73F56FBF080971BF2E
:10638400521372BF471473BFDD0B74BF0BFA74BF93
:10639400C6DE75BF07BA76BFC58B77BFF85378BF23
:1063A400981279BF9DC779BF02737ABFBE147BBFB1
:1063B400CDAC7BBF283B7CBFC9BF7CBFAC3A7DBFA3
:1063C400CCAB7DBF23137EBFB0707EBF6DC47EBFD8
:1063D400580E7FBF6D4E7FBFAB847FBF0FB17FBFB1
:1063E40097D37FBF43EC7FBF11FB7FBF000080BF0B
:1063F40011FB7FBF43EC7FBF97D37FBF0FB17FBF3C
:10640400AB847FBF6D4E7FBF580E7FBF6DC47EBF10
:10641400B0707EBF23137EBFCCAB7DBFAC3A7DBFD3
:10642400C9BF7CBF283B7CBFCDAC7BBFBE147BBF48
:1064340002737ABF9DC779BF981279BFF85378BFAA
:10644400C58B77BF07BA76BFC6DE75BF0BFA74BFBC
:10645400DD0B74BF471473BF521372BF080971BFB9
:1064640073F56FBF9ED86EBF93B26DBF5E836CBF72
:106474000C4B6BBFA7096ABF3CBF68BFD86B67BF33
:10648400880F66BF59AA64BF5A3C63BF97C561BFF2
:10649400214660BF05BE5EBF532D5DBF1A945BBF2E
:1064A4006AF259BF534858BFE59556BF31DB54BF14
:1064B400491853BF3D4D51BF207A4FBF029F4DBF76
:1064C400F8BB4BBF12D149BF65DE47BF03E445BFEC
:1064D40001E243BF70D841BF67C73FBFF9AE3DBFBC
:1064E4003B8F3BBF426839BF233A37BFF30435BF04
:1064F400C9C832BFBB8530BFDE3B2EBF4AEB2BBFC2
:10650400159429BF563627BF25D224BF996722BFC9
:10651400CBF61FBFD17F1DBFC6021BBFC07F18BFF4
:10652400D9F615BF2A6813BFCDD310BFDA390EBF11
:106534006B9A0BBF9BF508BF824B06BF3D9C03BF04
:10654400E4E700BF275DFCBECBE0F6BEEA5AF1BE2D
:10655400BBCBEBBE7533E6BE4F92E0BE80E8DABE3D
:106564004136D5BECA7BCFBE53B9C9BE15EFC3BE33
:10657400491DBEBE2A44B8BEEF63B2BED47CACBED5
:10658400128FA6BEE59AA0BE86A09ABE32A094BE83
:10659400229A8EBE938E88BEC07D82BECCCF78BE3A
:1065A4007F9A6CBE135C60BE011554BEC2C547BE63
:1065B400CF6E3BBEA2102FBEB5AB22BE834016BE2B
:1065C40087CF09BE73B2FABD2FBCE1BD36BDC8BDCD
:1065D40080B6AFBD04A996BD752B7BBD2EFB48BD0F
:1065E4002BC316BDB10AC9BC920E49BC0000008081
:0865F400CC9FFE7F01000000B6
:0465FC000931000859
:04660000E530000879
:106604000400002000000000700D0020D80D0020C0
:10661400400E002000000000000000000000000008
:106624000000000000000000000000000000000066
:106634000000000000000000000000000000000056
:106644000000000000000000000000000000000046
:106654001A03000000000000000000000000000019
:106664000000000000000000000000000403090412
:1066740012010002020200408304CA000002010267
:1066840003010000ED4A0008F94A0008BD4B000868
:10669400994B0008854B0008D94B0008FD4B0008B6
:1066A400694C0008214C0008254C00083D4C0008AA
:1066B400294C000801000000100000000024F40030
:1066C400AAAAAAAA09024300020100C032090400CE
:1066D400000102020100052400100105240100014B
:1066E40004240202052406000107058203080010A1
:1066F40009040100020A000000070501024000002D
:106704000705810240000000F7D1000893D100087A
:1067140079D0000800000000A1CE0008FDCF0008D9
:10672400C5CF0008000000000000000000000000C9
:106734007DCF000835CF0008EDCE0008E1CE00087B
:106744000A0600020000004001000E000050C3478A
:10675400CDCCCC3DCDCCCC3DCDCCCC3DCDCCCC3DAD
:10676400CDCCCC3DCDCCCC3D0050C347CDCCCC3DE5
:10677400CDCCCC3DCDCCCC3DCDCCCC3DCDCCCC3D8D
:10678400CDCCCC3D0050C347CDCCCC3DCDCCCC3DC5
:10679400CDCCCC3DCDCCCC3DCDCCCC3DCDCCCC3D6D
:1067A4000050C347CDCCCC3DCDCCCC3DCDCCCC3DA5
:1067B400CDCCCC3DCDCCCC3DCDCCCC3D0000C842E5
:1067C400CDCCCC3DCDCCCC3DCDCCCC3DCDCCCC3D3D
:1067D400CDCCCC3DCDCCCC3D0000C8420100000066
:1067E40058A08B3A3333EB3ACC110020FF01000060
:1067F400000000000000000000000000080000008D
:106804000000000000000000000000000000000084
:106814000000000000000000000000000000000074
:1068240000000000000000000000000000CC110087
:106834002000020000000000000000000000000032
:10684400000800000000000000000000000000003C
:106854000000000000000000000000000000000034
:106864000000000000000000000000000000000024
:106874000000CC110020FF02000000000000000016
:1068840000000000000008000000000000000000FC
:1068940000000000000000000000000000000000F4
:1068A40000000000000000000000000000000000E4
:1068B40000000000000000A4110020FF01000000FF
:1068C40000000000000000000000000800000000BC
:1068D40000000000000000000000000000000000B4
:1068E40000000000000000000000000000000000A4
:1068F400000000000000000000000000A4110020BF
:106904000002000000000000000000000000000081
:10691400080000000000000000000000000000006B
:106924000000000000000000000000000000000063
:106934000000000000000000000000000000000053
:1069440000A4110020FF020000000000000000006D
:10695400000000000008000000000000000000002B
:106964000000000000000000000000000000000023
:106974000000000000000000000000000000000013
:10698400000000000000FFFF4D6573736167655FE1
:106994004D616E6167657200000000000000000038
:1069A40000000000000000000000000000000000E3
:1069B4000000000000000000CDCC4C3ECDCC4C3E8D
:1069C4000300000000000000000000000000B943C4
:1069D4000000D243EC51B83D000098410000000093
:1069E4000000000000000000000000000000003F64
:1069F400000000000000000000606A460000000083
:106A04000700000000803B4500000000000000007B
:106A140000000000000000000000A0400000803FD3
:106A24000000000000803B4600000000070000005A
:106A340000803B4500000000000000000000000052
:106A44000000000000000000000000000000000042
:106A54000000000000000000000000000000000032
:106A64000000000000000000000000000000000022
:106A7400010100000000000002000000CC11002011
:106A84000000000000000000000000000000000002
:106A940000000000000000000000000000000000F2
:106AA40000000000000000000000000000000000E2
:106AB40000000000000000000000000000000000D2
:106AC40000000000010204030504000000000000AF
:106AD4000000254500000C420000A0C10000000099
:106AE40000000000000000000000000000000000A2
:106AF4000000000000000000000000000000000092
:106B04000000000000000000000000000000000081
:106B1400000000000000000000009643000016433F
:106B24000000000000409C46000000000700000038
:106B340000803B4500000000000000000000000051
:106B44000000000000007041000000003333333FB8
:106B54000000FA43CDCCCC3D070000000000C84241
:106B64000000000000000000000000000000000021
:106B7400040601000101000001000000CC11002006
:106B840004000000000000000000000000000000FD
:106B940000000000000000000000000000000000F1
:106BA40000000000000000000000000000000000E1
:106BB40000000000000000000000000000000000D1
:106BC40000000000000000000000000000000000C1
:106BD40000000000000000000000000000000000B1
:106BE40000000000000000000000000000000000A1
:106BF4000000000000000000000000000000000091
:106C04000000000000000000000000000000000080
:106C14000000000000000000000000000000000070
:106C24000000000000000000000000000000000060
:106C34000000000000000000000000000000000050
:106C44000000000000000000000000000000000040
:106C54000000000000000000000000000000000030
:106C64000000000000000000000000000000000020
:106C74000000000000000000000000000000000010
:106C84000000000000000000000000000000000000
:106C940000007A430000C8420000000000409C4607
:106CA400000000000700000000401C450000000038
:106CB400000000000000000000000000000070411F
:106CC40000000000CDCC4C3E0000FA430000000060
:106CD400070000000000C84200000000000000009F
:106CE4000000000000000000040601010101000092
:106CF40001000000A41100200200000000000000B8
:106D0400000000000000000000000000000000007F
:106D1400000000000000000000000000000000006F
:106D240000000000CDCCCC3E0000000000000000BC
:106D340000606A46000000000100000000401C469C
:106D4400000000000000000000000000000000003F
:106D5400000020410000803F000000000050C346B6
:106D6400000000000100000000401C46000000007C
:106D7400000000000000000000000000000000000F
:106D840000000000000000000000000000000000FF
:106D940000000000000000000000000000000000EF
:106DA40000000000000000000203010000000000D9
:106DB40002000000A41100200000000000000000F8
:106DC40000000000000000000000000000000000BF
:106DD40000000000000000000000000000000000AF
:106DE400CDCCCC3E000000000000000000409C45DB
:106DF400000000000100000000409C45000000006D
:106E0400000000000000000000000000000020411D
:106E14000000803F0000000000401C46000000000D
:106E2400010000000000FA4500000000000000001E
:106E34000000000000000000000020410000803F2E
:106E440000000000000048430000000000000000B3
:106E5400000000000000000000000000000000002E
:106E64000000000002030000000000000300000016
:106E7400A411002005000000000000000000000034
:106E840000000000000000000000000001020000FB
:106E940000010000000000000000000000000000ED
:106EA4000000B9430000D24300009642000098411C
:106EB40000000000000000000000000000000000CE
:106EC4000000003F000000000000000000606A466F
:106ED400000000000700000000803B4500000000A7
:106EE4000000000000000000000000000000A040BE
:106EF4000000803F0000000000803B4600000000CE
:106F04000700000000803B45000000000000000076
:106F1400000000000000000000000000000000006D
:106F2400000000000000000000000000000000005D
:106F3400000000000000000000000000000000004D
:106F44000000000002030000000000000200000036
:106F5400CC11002000000000000000000000000030
:106F6400000000000000000000000000000000001D
:106F7400000000000000000000000000000000000D
:106F840000000000000000000000000000000000FD
:106F940000000000000000000102040300000000E3
:106FA400000000000000254500000C420000A0C1C4
:106FB40000000000000000000000000000000000CD
:106FC40000000000000000000000000000000000BD
:106FD40000000000000000000000000000000000AD
:106FE40000000000000000000000000000009643C4
:106FF400000016430000000000409C460000000012
:107004000700000000803B45000000000000000075
:1070140000000000000000000000704100000000BB
:107024003333333F0000FA43CDCCCC3D070000009E
:107034000000C84200000000000000000000000042
:10704400000000000406010001010000010000002E
:10705400CC1100200100000000000000000000002E
:10706400000000000000000000000000000000001C
:10707400000000000000000000000000000000000C
:1070840000000000000000000000000000000000FC
:1070940000000000000000000000000000000000EC
:1070A40000000000000000000000000000000000DC
:1070B40000000000000000000000000000000000CC
:1070C40000000000000000000000000000000000BC
:1070D40000000000000000000000000000000000AC
:1070E400000000000000000000000000000000009C
:1070F400000000000000000000000000000000008C
:10710400000000000000000000000000000000007B
:10711400000000000000000000000000000000006B
:10712400000000000000000000000000000000005B
:10713400000000000000000000000000000000004B
:10714400000000000000000000000000000000003B
:10715400000000000000000000000000000000002B
:107164000000000000007A430000C8420000000054
:1071740000409C46000000000700000000401C4541
:1071840000000000000000000000000000000000FB
:107194000000704100000000CDCC4C3E0000FA43DA
:1071A40000000000070000000000C84200000000CA
:1071B40000000000000000000000000004060101BF
:1071C4000101000001000000A411002002000000E1
:1071D40000000000000000000000000000000000AB
:1071E400000000000000000000000000000000009B
:1071F4000000000000000000CDCCCC3E00000000E8
:107204000000000000606A46000000000100000069
:1072140000401C46000000000000000000000000C8
:1072240000000000000020410000803F000000003A
:107234000050C346000000000100000000401C464E
:10724400000000000000000000000000000000003A
:10725400000000000000000000000000000000002A
:10726400000000000000000000000000000000001A
:107274000000000000000000000000000203010004
:107284000000000002000000A41100200000000023
:1072940000000000000000000000000000000000EA
:1072A40000000000000000000000000000000000DA
:1072B40000000000CDCCCC3E000000000000000027
:1072C40000409C45000000000100000000409C4577
:1072D40000000000000000000000000000000000AA
:1072E400000020410000803F0000000000401C46D8
:1072F40000000000010000000000FA45000000004A
:107304000000000000000000000000000000204118
:107314000000803F0000000000004843000000001F
:107324000000000000000000000000000000000059
:107334000000000000000000020300000000000044
:1073440003000000A411002005000000000000005C
:107354000000000000000000000000000000000029
:0873640001020000000100001D
:040000050801493D68
:00000001FF
